filename	sentno	begin	end	gender	number	category	mentions
ConanDoyle_SherlockHolmesDeAgraSchat	1	0	4	n	sg	PKM.in	De kennis der gevolgtrekking
ConanDoyle_SherlockHolmesDeAgraSchat	2	0	2	m	sg	PER.fic	Sherlock Holmes, zijn, zijn, zijn, zijne, hij, zijn, zijne, hij, mijn metgezel, hem, Zijn, zijn, zijne, Hij, zijne, hij, hij, Hij, hij, ik, Ik, mij, gij, Gij, gij, gij, gij, u, u, uw, Hij, hij, zijn, zijne, zijn, Mijn, hij, mij, mij, mij, ik, mij, ik, ik, Ik, ik, mijn, ik, de eenige op dat gebied in de wereld, De eenige particuliere detective, De eenige particuliere , consulteerende detective, hij, ik, het laatste en hoogste Hof van appèl voor onthullingen, mij, Ik, Ik, Mijn, mijne, mijn, mijne, Hij, Ik, hij, ik, hem, hem, zijn, hij, zijne, hem, mijn metgezel, mijn, Holmes, hij, zijn, ik, Ik, mijne, ik, hij, hij, den eenigen Sherlock Holmes, mijn, Sherlock Holmes, mijne, Uwe, hij, Gij, Ik, mijn, ik, mijn, uwe, gij, hij, zijn, zijn, mij, mij, gij, hij, zich, mij, ge, ik, ik, ik, gij, gij, uwe, hij, mij, mij, mijn, u, gij, uw, hem, hij, Hij, zijn, zijn, zijn, hij, hij, mij, Gij, mijn metgezel, hij, zijn, hij, mijn, hij, ik, gij, ik, mij, gij, gij, ik, u, Holmes, gij, u, Gij, Gij, gij, hij, ik, mijne, ik, Ik, ik, mij, gij, Ik, mij, Ik, ik, mijn, ik, zijne, mijn, ik, Ik, u, uw, gij, sir, mijn metgezel, hij, ik, mij, Ik, Sherlock Holmes, Mr. Holmes, gij, uwe, hij, ik, ik, ik, mij, gij, Holmes, zijne, zijne, Hij, zijn, zijne, mij, hij, uw, Holmes, zijn, Holmes, u, Sherlock Holmes, u, gij, Holmes, u, ik, Holmes, hem, Hij, hij, Ik, ik, mij, ik, mijn metgezel, Hij, zijn, zijn, hij, ik, Gij, een automaat, een rekenmachine, Hij, hij, mij, Ik, ik, mijne, Ik, Holmes, hij, Ik, Ik, mij, Ik, Holmes, Hij, hem, hij, hem, gij, Ik, Ik, Holmes, mij, u, Sherlock Holmes, Holmes, zijn, zijn, hij, Sherlock Holmes, gij, Holmes, zijn, hij, zijn, hij, ik, ik, Ik, ik, Ik, mijne, Hij, zijn, hij, zijn, onze metgezel, Holmes, Hij, zijn, zijn, zijn, Sherlock Holmes, hij, hij, ik, mijn metgezel, u, Deze, Mr. Sherlock Holmes, mij, Holmes, ik, mij
ConanDoyle_SherlockHolmesDeAgraSchat	2	3	5	n	sg	OBJ	zijn flesch
ConanDoyle_SherlockHolmesDeAgraSchat	2	6	8	n	sg	OBJ	den schoorsteenmantel
ConanDoyle_SherlockHolmesDeAgraSchat	2	9	14	n	sg	OBJ	zijn werktuig voor onderhuidsche inspuitingen
ConanDoyle_SherlockHolmesDeAgraSchat	2	15	18	n	sg	OBJ	zijn marokijnen foudraal
ConanDoyle_SherlockHolmesDeAgraSchat	3	1	8	n	pl	PKM.uit	zijne lange , witte , zenuwachtige vingers
ConanDoyle_SherlockHolmesDeAgraSchat	3	10	13	n	sg	OBJ	de fijne naald
ConanDoyle_SherlockHolmesDeAgraSchat	3	18	23	n	sg	OBJ	de linkermouw van zijn overhemd
ConanDoyle_SherlockHolmesDeAgraSchat	3	21	23	n	sg	OBJ	zijn overhemd
ConanDoyle_SherlockHolmesDeAgraSchat	4	4	6	n	pl	PKM.uit	zijne oogen, zijne oogen, zijne oogen
ConanDoyle_SherlockHolmesDeAgraSchat	4	8	13	n	pl	PKM.uit	den gespierden voorarm en pols, die
ConanDoyle_SherlockHolmesDeAgraSchat	4	17	21	n	sg	MISC	ontelbare teekenen van inprikkingen
ConanDoyle_SherlockHolmesDeAgraSchat	4	20	21	n	pl	MISC	inprikkingen
ConanDoyle_SherlockHolmesDeAgraSchat	5	3	6	n	sg	OBJ	de scherpe punt
ConanDoyle_SherlockHolmesDeAgraSchat	5	9	12	n	sg	OBJ	den kleinen piston
ConanDoyle_SherlockHolmesDeAgraSchat	5	16	21	n	sg	PKM.in	een langen zucht van voldoening
ConanDoyle_SherlockHolmesDeAgraSchat	5	22	25	n	sg	OBJ	den fluweelen armstoel, zijn fauteuil
ConanDoyle_SherlockHolmesDeAgraSchat	6	4	5	fm	sg	PER.fic	ik, mij, mij, ik, mij, mijn, mij, ik, mij, mij, mijn, ik, mij, mij, ik, mijn, mijne, ik, ik, mij, ik, gij, ik, mijn, Ik, mij, mijne, gij, Watson, ik, ik, kameraad, geneeskundige, die, ik, gij, ik, ik, mijn, Ik, u, Gij, gij, ik, ik, mij, mij, ik, ik, ik, mijn, Ik, ik, mijn, Ik, mijn, Ik, ik, je, mij, Ik, ik, ik, gij, ik, gij, u, ik, mij, ik, gij, gij, ik, ik, ik, mij, ik, mijne, u, gij, uw, ik, gij, uw, uwen, gij, gij, ik, ik, gij, ik, mijn, mij, Ik, ik, mij, ik, Ik, mijn, mij, ik, mij, mijn, ik, mijn, uw, uwen, uw, Uw, uw, ik, Ik, mijn, ik, ik, mijn, mij, ik, Waarde dokter, u, u, u, gij, ge, u, gij, uw, Ik, ik, uw, u, u, gij, ik, ik, ik, Ik, ik, dokter, Ik, mijn, mijn, dokter, gij, mijne, ik, ik, ik, Ik, mijn, Gij, mij, ik, mijn, mijne, mij, uw vriend, hij, Ik, mij, Gij, mij, ik, Dr. Watson, de rechte man, hij, Ik, mij, ik, ik, Mij, ik, ik, mij, mijn, ik, uw, u, gij, uw, ik, u, Ik, mijn, mijne, Mijn, ik, mij, ik, mijn, mij, mijn, ik, Een arm geneesheer, ik, mijn, ik, ik, Gij, gij, gij, Ik, mijn, ik, ik, mij, Ik, Ik, mijner, ik, mijne, ik, ik, mijne, mijn, deze, Dr. Watson, Een dokter, gij, uw, u, u, gij, gij, uw, Ik, ik, Gij, Ik, mij, Ik, mijn, ik
ConanDoyle_SherlockHolmesDeAgraSchat	6	12	14	n	sg	PKM.in	deze verrichting, de gewoonte, er
ConanDoyle_SherlockHolmesDeAgraSchat	6	22	24	n	sg	MISC	dit opzicht
ConanDoyle_SherlockHolmesDeAgraSchat	7	8	11	n	sg	PKM.uit	het gezicht ervan
ConanDoyle_SherlockHolmesDeAgraSchat	7	20	24	n	sg	PKM.in	mijn gebrek aan moed
ConanDoyle_SherlockHolmesDeAgraSchat	8	11	14	n	sg	MISC	de noodige opheldering
ConanDoyle_SherlockHolmesDeAgraSchat	8	20	23	n	sg	PKM.in	zooveel koele onverschilligheid
ConanDoyle_SherlockHolmesDeAgraSchat	8	24	29	n	sg	PKM.in	het voorkomen van mijn metgezel
ConanDoyle_SherlockHolmesDeAgraSchat	8	31	32	fm	sg	PER.misc	elkeen, zich, zich, hem
ConanDoyle_SherlockHolmesDeAgraSchat	9	0	2	n	sg	PKM.in	Zijn kracht
ConanDoyle_SherlockHolmesDeAgraSchat	9	3	6	n	sg	PKM.uit	zijn gebiedend uiterlijk
ConanDoyle_SherlockHolmesDeAgraSchat	9	8	10	n	sg	PKM.in	de ondervinding, die
ConanDoyle_SherlockHolmesDeAgraSchat	9	14	18	n	pl	PKM.in	zijne vele buitengewone eigenschappen, de drie eigenschappen
ConanDoyle_SherlockHolmesDeAgraSchat	10	11	18	n	sg	OBJ	den meer dan gewonen en krachtigen wijn, dien
ConanDoyle_SherlockHolmesDeAgraSchat	10	22	24	n	sg	OBJ	mijn lunch
ConanDoyle_SherlockHolmesDeAgraSchat	10	29	31	n	sg	PKM.in	mijne zelfbeheersching
ConanDoyle_SherlockHolmesDeAgraSchat	11	3	4	n	sg	OBJ	het, morphine of cocaïne
ConanDoyle_SherlockHolmesDeAgraSchat	12	7	9	n	sg	OBJ	het notitie-boek, dat, zijn notitie-boek, zijn geopend notitie-boek
ConanDoyle_SherlockHolmesDeAgraSchat	13	3	4	n	sg	OBJ	cocaïne, een oplossing van zeven percent, het, haar, het, er, de cocaïne
ConanDoyle_SherlockHolmesDeAgraSchat	15	11	13	n	sg	PKM.in	mijn gestel
ConanDoyle_SherlockHolmesDeAgraSchat	15	14	18	n	sg	MISC	de campagne in Afghanistan
ConanDoyle_SherlockHolmesDeAgraSchat	15	17	18	n	sg	LOC.land	Afghanistan, Afghanistan
ConanDoyle_SherlockHolmesDeAgraSchat	17	3	6	n	sg	PKM.in	mijne voorgewende zwakte
ConanDoyle_SherlockHolmesDeAgraSchat	18	16	18	n	sg	PKM.in	haar invloed
ConanDoyle_SherlockHolmesDeAgraSchat	19	12	14	fm	sg	PER.misc	den geest
ConanDoyle_SherlockHolmesDeAgraSchat	19	16	19	n	sg	MISC	de latere werking
ConanDoyle_SherlockHolmesDeAgraSchat	20	12	14	n	pl	MISC	de gevolgen
ConanDoyle_SherlockHolmesDeAgraSchat	21	0	2	n	sg	PKM.in	Uw brein
ConanDoyle_SherlockHolmesDeAgraSchat	21	16	21	n	sg	MISC	een pathologisch en ziekelijk proces, dat
ConanDoyle_SherlockHolmesDeAgraSchat	21	26	28	n	pl	PKM.uit	de longen
ConanDoyle_SherlockHolmesDeAgraSchat	21	32	35	n	sg	PKM.in	een permanente zwakte
ConanDoyle_SherlockHolmesDeAgraSchat	23	2	4	n	sg	OBJ	het sop
ConanDoyle_SherlockHolmesDeAgraSchat	23	5	7	n	sg	OBJ	de kool
ConanDoyle_SherlockHolmesDeAgraSchat	24	5	9	n	sg	PKM.in	een kort voorbijgaand genoegen
ConanDoyle_SherlockHolmesDeAgraSchat	24	10	12	n	sg	MISC	het verlies
ConanDoyle_SherlockHolmesDeAgraSchat	24	14	21	n	pl	PKM.in	de groote gaven waarmede gij bedeeld zijt
ConanDoyle_SherlockHolmesDeAgraSchat	25	21	23	n	sg	PKM.in	uw gestel
ConanDoyle_SherlockHolmesDeAgraSchat	27	4	6	n	pl	PKM.uit	zijn vingertoppen
ConanDoyle_SherlockHolmesDeAgraSchat	27	11	13	n	pl	PKM.uit	zijne ellebogen
ConanDoyle_SherlockHolmesDeAgraSchat	27	14	19	n	pl	OBJ	de leuningen van zijn stoel
ConanDoyle_SherlockHolmesDeAgraSchat	27	21	22	fm	sg	PER.misc	iemand, die
ConanDoyle_SherlockHolmesDeAgraSchat	28	1	3	fm	sg	PER.misc	Mijn geest, zich
ConanDoyle_SherlockHolmesDeAgraSchat	29	3	4	n	pl	MISC	problema's
ConanDoyle_SherlockHolmesDeAgraSchat	29	7	8	n	sg	MISC	werk
ConanDoyle_SherlockHolmesDeAgraSchat	29	11	14	n	sg	MISC	het ingewikkeldst geheimschrift
ConanDoyle_SherlockHolmesDeAgraSchat	29	16	20	n	sg	MISC	de meest raadselachtige analyse
ConanDoyle_SherlockHolmesDeAgraSchat	29	25	29	n	sg	PKM.in	de mij eigene atmosfeer
ConanDoyle_SherlockHolmesDeAgraSchat	30	4	6	n	pl	MISC	wonderbaarlijke middelen
ConanDoyle_SherlockHolmesDeAgraSchat	31	3	7	n	sg	MISC	"de onbeduidende "" sleur"
ConanDoyle_SherlockHolmesDeAgraSchat	31	9	12	n	sg	PKM.in	het menschelijk bestaan
ConanDoyle_SherlockHolmesDeAgraSchat	32	3	5	n	sg	MISC	geestelijke verheffing
ConanDoyle_SherlockHolmesDeAgraSchat	33	6	10	n	sg	PKM.in	mijn eigen bizonder beroep
ConanDoyle_SherlockHolmesDeAgraSchat	33	26	31	n	sg	MISC	dat gebied in de wereld
ConanDoyle_SherlockHolmesDeAgraSchat	33	29	31	n	sg	LOC.regio	de wereld, de wereld
ConanDoyle_SherlockHolmesDeAgraSchat	34	10	12	n	pl	PKM.uit	groote oogen
ConanDoyle_SherlockHolmesDeAgraSchat	36	1	2	m	sg	PER.fic	Gregson
ConanDoyle_SherlockHolmesDeAgraSchat	36	4	5	m	sg	PER.fic	Lestrade
ConanDoyle_SherlockHolmesDeAgraSchat	36	7	9	m	sg	PER.fic	Athelney Jones
ConanDoyle_SherlockHolmesDeAgraSchat	36	18	21	n	pl	MISC	de meeste gevallen
ConanDoyle_SherlockHolmesDeAgraSchat	36	26	28	n	sg	MISC	de zaak
ConanDoyle_SherlockHolmesDeAgraSchat	37	2	4	n	pl	MISC	den data
ConanDoyle_SherlockHolmesDeAgraSchat	37	6	8	fm	sg	PER.misc	een gezworene
ConanDoyle_SherlockHolmesDeAgraSchat	37	11	13	n	sg	PKM.in	een oordeel
ConanDoyle_SherlockHolmesDeAgraSchat	37	15	17	n	sg	PKM.in	een specialiteit
ConanDoyle_SherlockHolmesDeAgraSchat	38	5	7	n	pl	MISC	dusdanige gevallen
ConanDoyle_SherlockHolmesDeAgraSchat	39	0	2	n	sg	PKM.in	Mijn naam
ConanDoyle_SherlockHolmesDeAgraSchat	40	0	3	n	sg	MISC	Het werk zelve
ConanDoyle_SherlockHolmesDeAgraSchat	40	4	6	n	sg	PKM.in	het genoegen, mijn hoogste belooning
ConanDoyle_SherlockHolmesDeAgraSchat	40	11	15	n	pl	PKM.in	mijne eigen zeldzame gaven
ConanDoyle_SherlockHolmesDeAgraSchat	41	4	6	n	sg	MISC	eenige ondervinding
ConanDoyle_SherlockHolmesDeAgraSchat	41	8	12	n	sg	PKM.in	mijne methode van werken
ConanDoyle_SherlockHolmesDeAgraSchat	41	13	18	n	sg	MISC	't geval van Jefferson Hope, er
ConanDoyle_SherlockHolmesDeAgraSchat	41	16	18	m	sg	PER.fic	Jefferson Hope
ConanDoyle_SherlockHolmesDeAgraSchat	42	13	15	n	sg	PKM.in	mijn leven
ConanDoyle_SherlockHolmesDeAgraSchat	43	4	6	n	sg	MISC	een werk
ConanDoyle_SherlockHolmesDeAgraSchat	43	10	13	n	sg	MISC	den titel van
ConanDoyle_SherlockHolmesDeAgraSchat	43	15	17	n	sg	MISC	Een Godsgericht
ConanDoyle_SherlockHolmesDeAgraSchat	43	19	23	n	sg	MISC	_A Study in Scarlet_
ConanDoyle_SherlockHolmesDeAgraSchat	45	3	5	n	sg	PKM.uit	het hoofd, het hoofd
ConanDoyle_SherlockHolmesDeAgraSchat	47	1	2	n	sg	MISC	Onthullen, een bepaalde wetenschap, er
ConanDoyle_SherlockHolmesDeAgraSchat	47	15	18	n	sg	PKM.in	dezelfde ongevoelige wijze
ConanDoyle_SherlockHolmesDeAgraSchat	48	4	7	n	sg	MISC	een romantische tint
ConanDoyle_SherlockHolmesDeAgraSchat	48	13	15	n	sg	PKM.in	dezelfde uitwerking
ConanDoyle_SherlockHolmesDeAgraSchat	48	19	21	n	sg	MISC	een liefdeshistorie
ConanDoyle_SherlockHolmesDeAgraSchat	48	22	24	n	sg	MISC	een schaking
ConanDoyle_SherlockHolmesDeAgraSchat	48	25	29	n	sg	PER.misc	den geest van Euclides
ConanDoyle_SherlockHolmesDeAgraSchat	48	28	29	m	sg	PER.nfic	Euclides
ConanDoyle_SherlockHolmesDeAgraSchat	49	2	4	n	sg	MISC	de roman, er
ConanDoyle_SherlockHolmesDeAgraSchat	49	14	16	n	pl	MISC	de feiten
ConanDoyle_SherlockHolmesDeAgraSchat	50	1	12	n	sg	PKM.in	Het eenige feit in het geval dat eene vermelding waardig was, de zeldzame analytische redeneering
ConanDoyle_SherlockHolmesDeAgraSchat	50	5	12	n	sg	MISC	het geval dat eene vermelding waardig was
ConanDoyle_SherlockHolmesDeAgraSchat	50	19	20	n	pl	MISC	oorzaken
ConanDoyle_SherlockHolmesDeAgraSchat	50	21	22	n	pl	MISC	gevolgen
ConanDoyle_SherlockHolmesDeAgraSchat	50	27	29	n	sg	OBJ	het kluwen
ConanDoyle_SherlockHolmesDeAgraSchat	51	3	5	n	sg	MISC	een werk, dat
ConanDoyle_SherlockHolmesDeAgraSchat	51	11	13	n	sg	MISC	het doel
ConanDoyle_SherlockHolmesDeAgraSchat	51	15	16	n	sg	PKM.in	genoegen
ConanDoyle_SherlockHolmesDeAgraSchat	52	9	11	n	sg	PKM.in	zijn egoïsme
ConanDoyle_SherlockHolmesDeAgraSchat	52	22	24	n	sg	OBJ	mijn vlugschrift
ConanDoyle_SherlockHolmesDeAgraSchat	52	25	28	n	pl	PKM.in	zijne bizondere werkzaamheden
ConanDoyle_SherlockHolmesDeAgraSchat	53	10	11	n	sg	LOC.lijn	Baker-Street
ConanDoyle_SherlockHolmesDeAgraSchat	53	20	28	n	sg	PKM.uit	het kalm en meesterachtig uiterlijk van mijn metgezel
ConanDoyle_SherlockHolmesDeAgraSchat	54	9	12	n	sg	PKM.uit	mijn gewond been, er
ConanDoyle_SherlockHolmesDeAgraSchat	55	6	8	n	sg	OBJ	een kogel
ConanDoyle_SherlockHolmesDeAgraSchat	55	23	25	n	sg	MISC	pijnlijke wijze
ConanDoyle_SherlockHolmesDeAgraSchat	56	4	6	n	sg	PKM.in	mijn practijk, zich
ConanDoyle_SherlockHolmesDeAgraSchat	56	10	12	n	sg	LOC.regio	het Vasteland
ConanDoyle_SherlockHolmesDeAgraSchat	56	22	27	n	sg	OBJ	zijn oude pijp van rozeboomenhout, zijn pijp, zijn pijp
ConanDoyle_SherlockHolmesDeAgraSchat	56	26	27	n	sg	OBJ	rozeboomenhout
ConanDoyle_SherlockHolmesDeAgraSchat	56	39	42	m	sg	PER.fic	François le Villard, die, Hij, hij, zijn, hem, hij, den Franschman, Hij, hij, hij, Hij, Hij, hem, hij, Hij
ConanDoyle_SherlockHolmesDeAgraSchat	56	55	57	n	sg	MISC	den voorgrond
ConanDoyle_SherlockHolmesDeAgraSchat	56	62	65	fm	sg	PER.misc	de Fransche detectiven
ConanDoyle_SherlockHolmesDeAgraSchat	57	3	9	n	sg	PKM.in	de Celtische kracht van snelle waarneming
ConanDoyle_SherlockHolmesDeAgraSchat	57	16	21	n	sg	PKM.in	de juiste beoordeeling der feiten
ConanDoyle_SherlockHolmesDeAgraSchat	57	22	25	n	sg	PKM.in	de algemeene kennis, die
ConanDoyle_SherlockHolmesDeAgraSchat	57	29	35	n	sg	PKM.in	de hoogere ontwikkeling van zijn kunst
ConanDoyle_SherlockHolmesDeAgraSchat	57	33	35	n	sg	PKM.in	zijn kunst
ConanDoyle_SherlockHolmesDeAgraSchat	58	0	2	n	sg	MISC	Het geval
ConanDoyle_SherlockHolmesDeAgraSchat	58	6	8	n	sg	OBJ	een testament
ConanDoyle_SherlockHolmesDeAgraSchat	59	11	14	n	pl	MISC	twee gelijksoortige gevallen, het een te Riga in 1857 en het ander te St. Louis in 1871
ConanDoyle_SherlockHolmesDeAgraSchat	59	18	19	n	sg	LOC.bc	Riga
ConanDoyle_SherlockHolmesDeAgraSchat	59	25	27	n	sg	LOC.bc	St. Louis
ConanDoyle_SherlockHolmesDeAgraSchat	59	33	36	n	sg	MISC	de juiste oplossing
ConanDoyle_SherlockHolmesDeAgraSchat	60	2	9	n	sg	OBJ	de brief van dankbetuiging voor mijne hulp, dien, een verfrommeld vel buitenlandsch papier
ConanDoyle_SherlockHolmesDeAgraSchat	60	5	9	n	sg	PKM.in	dankbetuiging voor mijne hulp
ConanDoyle_SherlockHolmesDeAgraSchat	62	3	6	n	sg	PKM.uit	een haastigen blik
ConanDoyle_SherlockHolmesDeAgraSchat	62	14	19	n	sg	PKM.in	bewondering van den Franschman voor
ConanDoyle_SherlockHolmesDeAgraSchat	62	12	25	n	pl	PKM.in	"betuigingen van bewondering van den Franschman voor "" den eenigen Sherlock Holmes """
ConanDoyle_SherlockHolmesDeAgraSchat	63	4	6	fm	sg	PER.misc	een leerling, zijn
ConanDoyle_SherlockHolmesDeAgraSchat	63	7	9	fm	sg	PER.misc	zijn meester
ConanDoyle_SherlockHolmesDeAgraSchat	64	5	7	n	sg	MISC	mijn hulp
ConanDoyle_SherlockHolmesDeAgraSchat	64	19	21	n	pl	PKM.in	groote gaven
ConanDoyle_SherlockHolmesDeAgraSchat	65	2	7	n	pl	PKM.in	twee van de drie eigenschappen, die
ConanDoyle_SherlockHolmesDeAgraSchat	65	9	12	fm	sg	PER.misc	den werkelijken detective
ConanDoyle_SherlockHolmesDeAgraSchat	66	3	5	n	sg	PKM.in	opmerkingsen onthullings-vermogen
ConanDoyle_SherlockHolmesDeAgraSchat	67	5	6	n	sg	PKM.in	kennis, die
ConanDoyle_SherlockHolmesDeAgraSchat	68	4	7	n	pl	PKM.in	mijne kleine werken, Uwe werken, verscheiden handschriften, Zij, allen
ConanDoyle_SherlockHolmesDeAgraSchat	68	8	10	n	sg	MISC	het Fransch
ConanDoyle_SherlockHolmesDeAgraSchat	71	3	4	fm	sg	PER.misc	ik, mij, ik
ConanDoyle_SherlockHolmesDeAgraSchat	72	4	6	n	pl	MISC	technische onderwerpen
ConanDoyle_SherlockHolmesDeAgraSchat	73	8	18	n	sg	MISC	Over het onderscheid tusschen de asch van verschillende soorten tabak, Daarin, Het
ConanDoyle_SherlockHolmesDeAgraSchat	73	12	18	n	sg	OBJ	de asch van verschillende soorten tabak
ConanDoyle_SherlockHolmesDeAgraSchat	73	15	18	n	pl	OBJ	verschillende soorten tabak
ConanDoyle_SherlockHolmesDeAgraSchat	74	8	9	n	pl	OBJ	sigaren
ConanDoyle_SherlockHolmesDeAgraSchat	74	10	11	n	pl	OBJ	cigaretten-
ConanDoyle_SherlockHolmesDeAgraSchat	74	12	13	n	sg	OBJ	pijp-tabak
ConanDoyle_SherlockHolmesDeAgraSchat	74	3	17	n	pl	OBJ	een honderd veertig soorten van sigaren , cigaretten- en pijp-tabak , met gekleurde platen, die, ervan
ConanDoyle_SherlockHolmesDeAgraSchat	74	15	17	n	pl	OBJ	gekleurde platen
ConanDoyle_SherlockHolmesDeAgraSchat	74	18	22	n	sg	MISC	het verschil van asch
ConanDoyle_SherlockHolmesDeAgraSchat	75	2	4	n	sg	MISC	een punt, dat, dat
ConanDoyle_SherlockHolmesDeAgraSchat	75	7	8	n	pl	MISC	straf-processen
ConanDoyle_SherlockHolmesDeAgraSchat	75	14	15	n	sg	OBJ	sleutel
ConanDoyle_SherlockHolmesDeAgraSchat	75	17	20	n	sg	MISC	het grootste belang
ConanDoyle_SherlockHolmesDeAgraSchat	76	1	2	fm	sg	PER.misc	gij, uw
ConanDoyle_SherlockHolmesDeAgraSchat	76	8	13	n	sg	MISC	de een of andere moord
ConanDoyle_SherlockHolmesDeAgraSchat	76	16	18	m	sg	PER.misc	een man, die
ConanDoyle_SherlockHolmesDeAgraSchat	76	20	23	n	sg	OBJ	een Indiaansche lunkah
ConanDoyle_SherlockHolmesDeAgraSchat	76	27	32	n	sg	MISC	het terrein van uw onderzoek
ConanDoyle_SherlockHolmesDeAgraSchat	76	30	32	n	sg	MISC	uw onderzoek
ConanDoyle_SherlockHolmesDeAgraSchat	77	1	4	n	sg	PKM.in	het geoefend oog
ConanDoyle_SherlockHolmesDeAgraSchat	77	9	15	n	sg	OBJ	de zwarte asch van een Trichinopoly
ConanDoyle_SherlockHolmesDeAgraSchat	77	13	15	n	sg	OBJ	een Trichinopoly
ConanDoyle_SherlockHolmesDeAgraSchat	77	16	21	n	sg	OBJ	de witte van een Havana
ConanDoyle_SherlockHolmesDeAgraSchat	77	19	21	n	sg	OBJ	een Havana
ConanDoyle_SherlockHolmesDeAgraSchat	77	26	28	n	sg	OBJ	een kool
ConanDoyle_SherlockHolmesDeAgraSchat	77	29	31	n	sg	OBJ	een aardappel
ConanDoyle_SherlockHolmesDeAgraSchat	78	3	8	n	sg	PKM.in	eene zeldzame gave van opmerken
ConanDoyle_SherlockHolmesDeAgraSchat	80	2	4	n	sg	PKM.in	mijn handschrift
ConanDoyle_SherlockHolmesDeAgraSchat	80	22	25	n	sg	MISC	bewaarster der indrukken
ConanDoyle_SherlockHolmesDeAgraSchat	80	23	25	n	pl	PKM.in	der indrukken
ConanDoyle_SherlockHolmesDeAgraSchat	81	4	11	n	sg	OBJ	een klein curieus boek over den invloed
ConanDoyle_SherlockHolmesDeAgraSchat	81	12	14	n	sg	MISC	een onderzoek
ConanDoyle_SherlockHolmesDeAgraSchat	81	15	17	n	sg	MISC	een vorm
ConanDoyle_SherlockHolmesDeAgraSchat	81	22	27	n	pl	MISC	afbeeldingen van handen van leidekkers
ConanDoyle_SherlockHolmesDeAgraSchat	81	24	27	n	pl	PKM.uit	handen van leidekkers
ConanDoyle_SherlockHolmesDeAgraSchat	81	26	27	fm	pl	PER.misc	leidekkers
ConanDoyle_SherlockHolmesDeAgraSchat	82	0	1	n	sg	MISC	Dat, een zaak van groot practisch belang voor den wetenschappelijken detective
ConanDoyle_SherlockHolmesDeAgraSchat	82	5	12	n	sg	PKM.in	groot practisch belang voor den wetenschappelijken detective
ConanDoyle_SherlockHolmesDeAgraSchat	82	9	12	fm	sg	PER.misc	den wetenschappelijken detective
ConanDoyle_SherlockHolmesDeAgraSchat	82	15	19	n	pl	MISC	gevallen van onopgevraagde lijken
ConanDoyle_SherlockHolmesDeAgraSchat	82	17	19	n	pl	OBJ	onopgevraagde lijken
ConanDoyle_SherlockHolmesDeAgraSchat	83	6	8	n	sg	PKM.in	mijn gebabbel
ConanDoyle_SherlockHolmesDeAgraSchat	84	15	18	n	sg	PKM.in	het grootste belang
ConanDoyle_SherlockHolmesDeAgraSchat	84	21	23	n	sg	MISC	de gelegenheid
ConanDoyle_SherlockHolmesDeAgraSchat	84	26	29	n	sg	PKM.in	uwe toepassing ervan
ConanDoyle_SherlockHolmesDeAgraSchat	85	5	8	n	pl	PKM.in	opmerking en gevolgtrekking
ConanDoyle_SherlockHolmesDeAgraSchat	86	2	6	n	sg	PKM.in	de eene dezer gave
ConanDoyle_SherlockHolmesDeAgraSchat	86	6	8	n	sg	MISC	de andere
ConanDoyle_SherlockHolmesDeAgraSchat	87	12	14	n	sg	OBJ	zijn armstoel
ConanDoyle_SherlockHolmesDeAgraSchat	87	17	24	n	pl	MISC	dikke , blauwe rookwolken uit zijn pijp
ConanDoyle_SherlockHolmesDeAgraSchat	88	11	17	n	sg	LOC.punt	het Postkantoor in de Wigmore Street, het Postkantoor in de Wigmore Street, het kantoor, het postkantoor
ConanDoyle_SherlockHolmesDeAgraSchat	88	14	17	n	sg	LOC.lijn	de Wigmore Street, de Wigmore Street
ConanDoyle_SherlockHolmesDeAgraSchat	88	27	29	n	sg	OBJ	een telegram, een telegram
ConanDoyle_SherlockHolmesDeAgraSchat	91	2	8	n	sg	PKM.in	een plotseling opkomende gedachte van mij
ConanDoyle_SherlockHolmesDeAgraSchat	92	15	17	n	sg	PKM.in	mijne verbazing
ConanDoyle_SherlockHolmesDeAgraSchat	92	23	25	n	sg	MISC	eene verklaring, het
ConanDoyle_SherlockHolmesDeAgraSchat	92	36	42	n	sg	MISC	de grens tusschen opmerking en gevolgtrekking
ConanDoyle_SherlockHolmesDeAgraSchat	93	6	11	n	sg	OBJ	de zool van uw schoen
ConanDoyle_SherlockHolmesDeAgraSchat	93	9	11	n	sg	OBJ	uw schoen
ConanDoyle_SherlockHolmesDeAgraSchat	93	11	15	n	sg	OBJ	een weinig roode modder
ConanDoyle_SherlockHolmesDeAgraSchat	94	9	11	n	sg	LOC.lijn	de straat
ConanDoyle_SherlockHolmesDeAgraSchat	94	13	14	n	sg	LOC.heelal	aarde, die, Deze aarde, aarde
ConanDoyle_SherlockHolmesDeAgraSchat	94	16	17	fm	pl	PER.misc	men, men, zich
ConanDoyle_SherlockHolmesDeAgraSchat	95	4	7	n	sg	MISC	bizonder roode kleur, die
ConanDoyle_SherlockHolmesDeAgraSchat	95	12	14	n	sg	MISC	den omtrek
ConanDoyle_SherlockHolmesDeAgraSchat	96	2	3	n	sg	MISC	dat, opmerking
ConanDoyle_SherlockHolmesDeAgraSchat	96	6	8	n	sg	PKM.in	het overige, gevolgtrekking
ConanDoyle_SherlockHolmesDeAgraSchat	97	6	8	n	sg	PKM.in	de gevolgtrekking, dat
ConanDoyle_SherlockHolmesDeAgraSchat	98	14	16	n	sg	MISC	uw gezelschap
ConanDoyle_SherlockHolmesDeAgraSchat	99	5	8	n	sg	OBJ	uwen geopenden lessenaar
ConanDoyle_SherlockHolmesDeAgraSchat	99	11	16	n	pl	OBJ	postzegels en een pakket briefkaarten
ConanDoyle_SherlockHolmesDeAgraSchat	100	11	13	n	sg	MISC	een dépêche
ConanDoyle_SherlockHolmesDeAgraSchat	101	2	5	n	pl	OBJ	alle andere factoren, elkander
ConanDoyle_SherlockHolmesDeAgraSchat	101	12	15	n	sg	MISC	de eenige gevolgtrekking, de juiste
ConanDoyle_SherlockHolmesDeAgraSchat	102	2	4	n	sg	MISC	dit geval
ConanDoyle_SherlockHolmesDeAgraSchat	102	18	20	n	sg	MISC	de zaak
ConanDoyle_SherlockHolmesDeAgraSchat	103	7	9	n	pl	PKM.in	uwe theorieën
ConanDoyle_SherlockHolmesDeAgraSchat	103	10	14	n	sg	MISC	een meer ernstige proef, de proef, De zaak, een gewoon vraagstuk
ConanDoyle_SherlockHolmesDeAgraSchat	104	13	17	n	sg	MISC	eene tweede dosis cocaïne
ConanDoyle_SherlockHolmesDeAgraSchat	105	4	6	n	sg	PKM.in	eenig probleem, dat
ConanDoyle_SherlockHolmesDeAgraSchat	105	10	12	n	sg	PKM.in	mijn oordeel
ConanDoyle_SherlockHolmesDeAgraSchat	106	1	2	fm	sg	PER.misc	Ik
ConanDoyle_SherlockHolmesDeAgraSchat	106	11	13	m	sg	PER.misc	een man, zijn
ConanDoyle_SherlockHolmesDeAgraSchat	106	15	17	n	sg	OBJ	eenig voorwerp
ConanDoyle_SherlockHolmesDeAgraSchat	106	22	27	n	sg	PKM.in	den indruk van zijn persoonlijkheid, die
ConanDoyle_SherlockHolmesDeAgraSchat	106	25	27	n	sg	PKM.in	zijn persoonlijkheid
ConanDoyle_SherlockHolmesDeAgraSchat	106	37	40	fm	sg	PER.misc	een geoefend opmerker
ConanDoyle_SherlockHolmesDeAgraSchat	107	5	7	n	sg	OBJ	een horloge, dat, het horloge, het uurwerk, het, het werk, de kast, het, het horloge, het horloge, het horloge, het horloge zelve, het horloge, dit oud horloge, dit horloge, deze horlogekast, een horloge van vijftig guinjes, een voorwerp van zulke groote waarde
ConanDoyle_SherlockHolmesDeAgraSchat	107	11	13	n	sg	PKM.in	mijn bezit
ConanDoyle_SherlockHolmesDeAgraSchat	108	9	21	n	sg	PKM.in	uw oordeel omtrent het karakter of de gewoonten van den laatsten eigenaar
ConanDoyle_SherlockHolmesDeAgraSchat	108	12	21	n	sg	PKM.in	het karakter of de gewoonten van den laatsten eigenaar
ConanDoyle_SherlockHolmesDeAgraSchat	108	18	21	fm	sg	MISC	den laatsten eigenaar
ConanDoyle_SherlockHolmesDeAgraSchat	109	25	27	n	sg	MISC	een les, dien
ConanDoyle_SherlockHolmesDeAgraSchat	110	6	8	n	sg	PKM.uit	zijn hand
ConanDoyle_SherlockHolmesDeAgraSchat	110	10	12	n	sg	OBJ	de wijzerplaat
ConanDoyle_SherlockHolmesDeAgraSchat	110	23	26	n	sg	PKM.uit	zijn bloote oog
ConanDoyle_SherlockHolmesDeAgraSchat	110	29	32	n	sg	OBJ	een sterke lens
ConanDoyle_SherlockHolmesDeAgraSchat	111	3	5	n	sg	PKM.in	mijn lach
ConanDoyle_SherlockHolmesDeAgraSchat	111	10	13	n	sg	PKM.uit	zijn teleurgesteld gelaat
ConanDoyle_SherlockHolmesDeAgraSchat	112	25	29	n	pl	MISC	de meeste denkbare daadzaken
ConanDoyle_SherlockHolmesDeAgraSchat	114	1	3	n	sg	PKM.uit	mijn hart
ConanDoyle_SherlockHolmesDeAgraSchat	114	9	11	n	sg	PKM.in	zijn onvermogen
ConanDoyle_SherlockHolmesDeAgraSchat	114	12	16	n	sg	PKM.in	een niet beduidende uitvlucht
ConanDoyle_SherlockHolmesDeAgraSchat	115	5	8	n	sg	OBJ	een onschoongemaakt horloge
ConanDoyle_SherlockHolmesDeAgraSchat	116	6	8	n	sg	PKM.in	mijn onderzoek
ConanDoyle_SherlockHolmesDeAgraSchat	117	2	3	n	sg	MISC	verbetering
ConanDoyle_SherlockHolmesDeAgraSchat	117	10	13	m	sg	PER.misc	uw oudsten broeder, die, hij, uw oudsten broeder, Hij, een man van zeer ongestadige en zorgelooze levenswijze, Hij, hij, zijn, hij, hij, een broeder, uw broeder, hij, uw broeder, hij, hij
ConanDoyle_SherlockHolmesDeAgraSchat	117	19	21	m	sg	PER.misc	uwen vader, Uw vader
ConanDoyle_SherlockHolmesDeAgraSchat	118	7	13	n	sg	OBJ	de H. W. op de kast
ConanDoyle_SherlockHolmesDeAgraSchat	118	11	13	n	sg	OBJ	de kast, der kast, der kast
ConanDoyle_SherlockHolmesDeAgraSchat	120	0	2	n	sg	OBJ	De W.
ConanDoyle_SherlockHolmesDeAgraSchat	120	3	6	n	sg	PKM.in	uw eigen naam
ConanDoyle_SherlockHolmesDeAgraSchat	121	0	5	n	sg	MISC	De datum van het horloge
ConanDoyle_SherlockHolmesDeAgraSchat	121	15	17	n	pl	MISC	de initialen
ConanDoyle_SherlockHolmesDeAgraSchat	122	0	1	n	pl	MISC	Kostbaarheden
ConanDoyle_SherlockHolmesDeAgraSchat	122	4	7	m	sg	PER.misc	den oudsten zoon
ConanDoyle_SherlockHolmesDeAgraSchat	122	13	15	n	sg	MISC	den regel
ConanDoyle_SherlockHolmesDeAgraSchat	122	15	20	n	sg	PKM.in	denzelfden naam als de vader
ConanDoyle_SherlockHolmesDeAgraSchat	122	18	20	m	sg	PER.misc	de vader
ConanDoyle_SherlockHolmesDeAgraSchat	126	6	11	n	sg	PKM.in	zeer ongestadige en zorgelooze levenswijze
ConanDoyle_SherlockHolmesDeAgraSchat	127	3	5	n	pl	MISC	goede vooruitzichten
ConanDoyle_SherlockHolmesDeAgraSchat	127	9	11	n	sg	PKM.in	zijn geluk
ConanDoyle_SherlockHolmesDeAgraSchat	127	17	18	n	sg	MISC	armoede
ConanDoyle_SherlockHolmesDeAgraSchat	127	20	24	n	sg	MISC	korte tusschenpoozen van voorspoed
ConanDoyle_SherlockHolmesDeAgraSchat	127	23	24	n	sg	MISC	voorspoed
ConanDoyle_SherlockHolmesDeAgraSchat	127	30	32	n	sg	OBJ	den drank
ConanDoyle_SherlockHolmesDeAgraSchat	129	3	5	n	sg	OBJ	mijn stoel, mijn stoel
ConanDoyle_SherlockHolmesDeAgraSchat	129	12	14	n	sg	LOC.punt	de kamer
ConanDoyle_SherlockHolmesDeAgraSchat	130	25	26	n	sg	MISC	zoo
ConanDoyle_SherlockHolmesDeAgraSchat	131	2	3	n	sg	MISC	onderzoek
ConanDoyle_SherlockHolmesDeAgraSchat	131	5	10	n	sg	MISC	de geschiedenis van mijn ongelukkigen, de geschiedenis
ConanDoyle_SherlockHolmesDeAgraSchat	131	8	10	n	pl	PKM.in	mijn ongelukkigen
ConanDoyle_SherlockHolmesDeAgraSchat	131	19	20	n	sg	MISC	wetenschap
ConanDoyle_SherlockHolmesDeAgraSchat	133	7	10	n	sg	MISC	de volle waarheid
ConanDoyle_SherlockHolmesDeAgraSchat	133	17	18	n	sg	PKM.in	charlatanisme
ConanDoyle_SherlockHolmesDeAgraSchat	134	15	17	n	sg	PKM.in	mijne verontschuldiging
ConanDoyle_SherlockHolmesDeAgraSchat	135	16	19	n	sg	MISC	de oplossing ervan
ConanDoyle_SherlockHolmesDeAgraSchat	136	4	7	n	sg	MISC	de heilige verzekering
ConanDoyle_SherlockHolmesDeAgraSchat	137	16	18	n	pl	MISC	deze feiten, Zij, ze, het
ConanDoyle_SherlockHolmesDeAgraSchat	144	0	1	n	sg	PKM.in	Dat, een dwaze gewoonte
ConanDoyle_SherlockHolmesDeAgraSchat	144	10	13	n	sg	MISC	het logisch verband
ConanDoyle_SherlockHolmesDeAgraSchat	145	11	13	n	sg	PKM.in	mijn gedachtengang
ConanDoyle_SherlockHolmesDeAgraSchat	145	16	18	n	pl	MISC	geringe omstandigheden, die
ConanDoyle_SherlockHolmesDeAgraSchat	145	21	24	n	pl	MISC	de grootste ophelderingen
ConanDoyle_SherlockHolmesDeAgraSchat	145	27	29	n	sg	PKM.uit	het hoofd
ConanDoyle_SherlockHolmesDeAgraSchat	147	1	2	fm	sg	PER.misc	gij, gij
ConanDoyle_SherlockHolmesDeAgraSchat	147	2	7	n	sg	OBJ	het benedengedeelten van deze horlogekast, zij, zij
ConanDoyle_SherlockHolmesDeAgraSchat	147	18	20	n	pl	MISC	twee plaatsen
ConanDoyle_SherlockHolmesDeAgraSchat	147	32	34	n	sg	PKM.in	de gewoonte, die
ConanDoyle_SherlockHolmesDeAgraSchat	147	40	42	n	sg	OBJ	denzelfden vestzak
ConanDoyle_SherlockHolmesDeAgraSchat	147	43	46	n	pl	OBJ	andere harde voorwerpen
ConanDoyle_SherlockHolmesDeAgraSchat	148	4	6	n	sg	PKM.in	zooveel vernuft
ConanDoyle_SherlockHolmesDeAgraSchat	148	8	10	n	sg	MISC	de gevolgtrekking
ConanDoyle_SherlockHolmesDeAgraSchat	148	14	15	m	sg	PER.misc	hij, die, een zorgeloos man
ConanDoyle_SherlockHolmesDeAgraSchat	148	23	25	n	pl	OBJ	vijftig guinjes, zulke groote waarde
ConanDoyle_SherlockHolmesDeAgraSchat	149	10	12	m	sg	PER.misc	een man, die
ConanDoyle_SherlockHolmesDeAgraSchat	150	7	9	n	sg	PKM.in	zijne redeneering
ConanDoyle_SherlockHolmesDeAgraSchat	151	4	5	fm	pl	PER.misc	pand-beleeners
ConanDoyle_SherlockHolmesDeAgraSchat	151	6	7	n	sg	LOC.land	Engeland, het vaderland, Engeland, Engeland, het vaderland, Engeland, Engeland
ConanDoyle_SherlockHolmesDeAgraSchat	151	10	15	n	sg	MISC	het nommer van het bewijs, zulke nommers
ConanDoyle_SherlockHolmesDeAgraSchat	151	13	15	n	sg	MISC	het bewijs
ConanDoyle_SherlockHolmesDeAgraSchat	151	16	18	n	sg	OBJ	een graveernaald
ConanDoyle_SherlockHolmesDeAgraSchat	151	19	23	n	sg	OBJ	de binnenzijde der kast, de binnenzijde der kast
ConanDoyle_SherlockHolmesDeAgraSchat	152	0	1	n	sg	MISC	Dit, een maatregel tegen het verloren gaan van het bewijs
ConanDoyle_SherlockHolmesDeAgraSchat	152	4	11	n	sg	MISC	tegen het verloren gaan van het bewijs
ConanDoyle_SherlockHolmesDeAgraSchat	152	9	11	n	sg	MISC	het bewijs
ConanDoyle_SherlockHolmesDeAgraSchat	153	9	11	n	sg	OBJ	mijn lens
ConanDoyle_SherlockHolmesDeAgraSchat	154	8	10	n	sg	OBJ	zwart zaad
ConanDoyle_SherlockHolmesDeAgraSchat	155	0	2	n	sg	MISC	Tweede gevolgtrekking
ConanDoyle_SherlockHolmesDeAgraSchat	155	17	19	n	sg	LOC.punt	het pand
ConanDoyle_SherlockHolmesDeAgraSchat	156	6	8	n	sg	OBJ	de binnenplaat, die plaat
ConanDoyle_SherlockHolmesDeAgraSchat	156	13	15	n	sg	MISC	het sleutelgat
ConanDoyle_SherlockHolmesDeAgraSchat	157	3	9	n	pl	MISC	de duizenden krassen rondom de opening, allen
ConanDoyle_SherlockHolmesDeAgraSchat	157	7	9	n	sg	MISC	de opening
ConanDoyle_SherlockHolmesDeAgraSchat	157	11	18	n	pl	MISC	teekenen van het uitglijden van den sleutel
ConanDoyle_SherlockHolmesDeAgraSchat	157	13	18	n	sg	MISC	het uitglijden van den sleutel
ConanDoyle_SherlockHolmesDeAgraSchat	157	16	18	n	sg	OBJ	den sleutel
ConanDoyle_SherlockHolmesDeAgraSchat	159	6	11	n	sg	OBJ	het horloge van een dronkaard, het
ConanDoyle_SherlockHolmesDeAgraSchat	159	9	11	m	sg	PER.misc	een dronkaard, Hij, zijn
ConanDoyle_SherlockHolmesDeAgraSchat	159	13	14	n	pl	MISC	krassen, deze sporen van zijn onvaste hand
ConanDoyle_SherlockHolmesDeAgraSchat	160	12	15	n	sg	PKM.uit	zijn onvaste hand
ConanDoyle_SherlockHolmesDeAgraSchat	161	3	8	n	sg	MISC	de mysterie van dit alles
ConanDoyle_SherlockHolmesDeAgraSchat	161	6	8	n	sg	MISC	dit alles
ConanDoyle_SherlockHolmesDeAgraSchat	162	16	18	n	sg	MISC	het onrecht, dat
ConanDoyle_SherlockHolmesDeAgraSchat	163	7	10	n	sg	PKM.in	uw wonderbaarlijk vermogen
ConanDoyle_SherlockHolmesDeAgraSchat	164	8	12	n	sg	MISC	een of ander onderzoek
ConanDoyle_SherlockHolmesDeAgraSchat	165	5	6	fm	sg	PER.misc	ik, Ik, u
ConanDoyle_SherlockHolmesDeAgraSchat	166	5	6	n	sg	MISC	hersen-inspanning
ConanDoyle_SherlockHolmesDeAgraSchat	167	3	5	n	sg	MISC	het leven
ConanDoyle_SherlockHolmesDeAgraSchat	168	2	4	n	sg	OBJ	het raam
ConanDoyle_SherlockHolmesDeAgraSchat	170	2	5	n	sg	OBJ	de gele mist
ConanDoyle_SherlockHolmesDeAgraSchat	170	6	8	n	sg	LOC.lijn	de straat
ConanDoyle_SherlockHolmesDeAgraSchat	170	11	14	n	pl	LOC.bc	de zwart-geblakerde huizen
ConanDoyle_SherlockHolmesDeAgraSchat	173	0	1	n	sg	MISC	Misdaad, iets algemeens, dit
ConanDoyle_SherlockHolmesDeAgraSchat	173	14	16	n	pl	PKM.in	algemeene eigenschappen
ConanDoyle_SherlockHolmesDeAgraSchat	174	2	4	n	sg	PKM.uit	mijn mond
ConanDoyle_SherlockHolmesDeAgraSchat	174	8	10	n	sg	MISC	deze ontboezeming
ConanDoyle_SherlockHolmesDeAgraSchat	174	17	19	n	sg	OBJ	de deur
ConanDoyle_SherlockHolmesDeAgraSchat	174	22	23	m	pl	PER.misc	onze, Hij en ik, Gij, ons, Wij, onze, ons beiden, onze, onze, wij, ons, wij, ons, deze twee heeren, mijne vrienden, ons, uwer metgezellen, ons, uw, mijne heeren, deze heeren, vrienden, getuigen
ConanDoyle_SherlockHolmesDeAgraSchat	174	22	24	f	sg	PER.fic	onze hospita, zij, zij, zich, Mrs. Hudson
ConanDoyle_SherlockHolmesDeAgraSchat	174	28	34	n	sg	OBJ	een visitekaart op het koperen blad
ConanDoyle_SherlockHolmesDeAgraSchat	174	31	34	n	sg	OBJ	het koperen blad
ConanDoyle_SherlockHolmesDeAgraSchat	175	1	4	f	sg	PER.fic	Een jonge dame, Miss Mary Morstan, dien, de jonge dame, Miss Morstan, Zij, een blonde jonge dame, haar, Haar, hare, hare, zij, zich, haar, hare, hare, zij, Ik, u, zij, mijne, mijne, Ik, mij, ik, mij, uw, de jonge dame, hare, zij, mij, zij, Mijn, mij, ik, een kind, Mijne, ik, Ik, ik, mijn, mijn, mij, mij, mij, Ik, mij, ik, ik, Ik, ik, ik, mijn, zijn, ik, Miss Mary Morstan, haar, zich, Ik, gouvernante, ik, mijn, mij, Zij, Uw, u, ik, ik, u, u, gij, Gij, een slecht behandeld meisje, u, gij, Uw, gij, Miss Morstan, ik, gij, Uw, zij, haar, u, zij, ik, ik, mij, ik, ik, Ik, mij, zij, zij, Gij, een model-cliënt, u, Miss Morstan, uwen, u, onze bezoekster, zei, haar, haren, haar, haar, een aantrekkelijke vrouw, zij, onze laatste bezoekster, haren, hare, haar, zij, haar, zij, Zij, eene eenheid, een factor, haar, een man, haar, de dochter van kapitein Morstan, haar, een slecht behandeld meisje, haren, haar, haar, Miss Morstan, Miss Morstan, haar, Zij, meer dan vrouw, zich, zij, haar, mijn, zij, Ik, ik, ik, Miss Morstan, Miss Morstan, Miss Morstan, zij, Miss Morstan, Ik, Miss Morstan, mijne, zij, Miss, u, uw, uwer, ik, mijn, zij, Miss Morstan's, haar, Uw, Miss Morstan, Miss, Gij, Miss Morstan, Miss Morstan, uw, Miss Morstan, Miss Morstan, zich, haar, hare, Ik, mijn, zij, u, ik, Miss Morstan, gij, u, Gij, gij, mij, Miss Morstan, ik, gij, mij, ik, u, Morstan's arme weeze, haar, haar, haar, haar, haar, u
ConanDoyle_SherlockHolmesDeAgraSchat	177	6	8	n	sg	PKM.in	dien naam
ConanDoyle_SherlockHolmesDeAgraSchat	182	0	5	n	sg	PKM.in	De beschrijving van het geval, Uw verhaal
ConanDoyle_SherlockHolmesDeAgraSchat	182	3	5	n	sg	MISC	het geval, een meer vreemdsoortigen en onverklaarbaren toestand, dien, waarin, uw geval, het geval, deze aangelegenheid, de zaak, deze zaak, haar
ConanDoyle_SherlockHolmesDeAgraSchat	183	9	11	n	sg	MISC	het vertrek, het vertrek
ConanDoyle_SherlockHolmesDeAgraSchat	185	2	4	n	sg	OBJ	haar gewaad, het, Het
ConanDoyle_SherlockHolmesDeAgraSchat	185	8	12	n	sg	PKM.in	elke gedachte aan weelde
ConanDoyle_SherlockHolmesDeAgraSchat	185	11	12	n	sg	PKM.in	weelde
ConanDoyle_SherlockHolmesDeAgraSchat	185	17	19	n	pl	MISC	beperkte middelen
ConanDoyle_SherlockHolmesDeAgraSchat	186	3	7	n	sg	OBJ	een kleed van donker-grijze
ConanDoyle_SherlockHolmesDeAgraSchat	186	6	7	n	sg	MISC	donker-grijze
ConanDoyle_SherlockHolmesDeAgraSchat	186	7	8	n	sg	MISC	beige
ConanDoyle_SherlockHolmesDeAgraSchat	186	15	21	n	sg	OBJ	een klein hoedje van dezelfde kleur, die, haar grijs hoedje met de witte veder
ConanDoyle_SherlockHolmesDeAgraSchat	186	19	21	n	sg	MISC	dezelfde kleur
ConanDoyle_SherlockHolmesDeAgraSchat	186	27	30	n	sg	OBJ	een witte veder, de witte veder
ConanDoyle_SherlockHolmesDeAgraSchat	187	0	2	n	sg	PKM.uit	Haar gelaat, haar zacht gelaat, haar gelaat
ConanDoyle_SherlockHolmesDeAgraSchat	187	20	24	n	pl	PKM.uit	hare groote blauwe oogen
ConanDoyle_SherlockHolmesDeAgraSchat	188	5	7	f	pl	PER.misc	de vrouwen, die
ConanDoyle_SherlockHolmesDeAgraSchat	188	11	14	n	pl	LOC.regio	drie verschillende werelddeelen
ConanDoyle_SherlockHolmesDeAgraSchat	188	21	23	n	sg	PKM.uit	een gelaat, dat
ConanDoyle_SherlockHolmesDeAgraSchat	188	27	32	n	sg	PKM.in	een beschaafd en gevoelig karakter
ConanDoyle_SherlockHolmesDeAgraSchat	189	10	12	n	sg	OBJ	den stoel, dien
ConanDoyle_SherlockHolmesDeAgraSchat	189	20	22	n	pl	PKM.uit	hare lippen, hare lippen
ConanDoyle_SherlockHolmesDeAgraSchat	189	24	26	n	sg	PKM.uit	hare hand
ConanDoyle_SherlockHolmesDeAgraSchat	189	33	35	n	sg	PKM.in	innerlijke opgewondenheid
ConanDoyle_SherlockHolmesDeAgraSchat	190	18	20	f	sg	PER.fic	mijne meesteres, Mrs. Cecil Forrester, harer, Zij, Mrs. Cecil Forrester, haar, Zij, Mrs. Cecil Forrester, haar
ConanDoyle_SherlockHolmesDeAgraSchat	190	29	32	n	sg	MISC	eene kleine aangelegenheid, een kleinen dienst, Het, een hoogst eenvoudig geval, het
ConanDoyle_SherlockHolmesDeAgraSchat	190	33	39	fm	sg	PER.misc	een harer dienstboden in het reine
ConanDoyle_SherlockHolmesDeAgraSchat	190	34	39	fm	pl	PER.misc	harer dienstboden in het reine
ConanDoyle_SherlockHolmesDeAgraSchat	190	37	39	n	sg	MISC	het reine
ConanDoyle_SherlockHolmesDeAgraSchat	191	6	10	n	sg	PKM.in	uwe dienstvaardigheid en bekwaamheid
ConanDoyle_SherlockHolmesDeAgraSchat	197	2	4	n	pl	PKM.uit	zijne handen
ConanDoyle_SherlockHolmesDeAgraSchat	198	4	6	n	sg	OBJ	zijn stoel
ConanDoyle_SherlockHolmesDeAgraSchat	198	7	18	n	sg	PKM.in	eene uitdrukking van buitengewone aandacht op zijne scherpe , havik-achtige trekken
ConanDoyle_SherlockHolmesDeAgraSchat	198	10	18	n	sg	PKM.in	buitengewone aandacht op zijne scherpe , havik-achtige trekken
ConanDoyle_SherlockHolmesDeAgraSchat	198	13	18	n	pl	PKM.in	zijne scherpe , havik-achtige trekken
ConanDoyle_SherlockHolmesDeAgraSchat	200	3	5	n	sg	PKM.in	mijn toestand
ConanDoyle_SherlockHolmesDeAgraSchat	202	1	3	n	sg	PKM.in	mijne verwondering
ConanDoyle_SherlockHolmesDeAgraSchat	202	7	11	n	sg	PKM.uit	hare net gehandschoende hand, haar hand
ConanDoyle_SherlockHolmesDeAgraSchat	203	22	25	n	sg	MISC	een onschatbaren dienst
ConanDoyle_SherlockHolmesDeAgraSchat	205	5	7	n	pl	MISC	de feiten
ConanDoyle_SherlockHolmesDeAgraSchat	206	1	3	m	sg	PER.misc	Mijn vader, officier in Indischen dienst, die, mijn vader, die, de oudste kapitein bij zijn regiment, zijn, Hij, hij, hij, zijn, zijn, kapitein Morstan, hij, hem, mijn ongelukkigen vader, Hij, Hij, Zijn, Hij, hij, zijn, den dienst, zijn mede-officier, uwen vader, haar vaders, Kapitein Morstan, hij, hij, kapitein Morstan, haren vader, hij, haar vader, mijn papa, zijne, papa, papa's, zijn, uw vader, zijn, hij, hij, kapitein Morstan, hij, een vriend van onzen vader, hem, Arthur Morstan, Morstan's, Morstan
ConanDoyle_SherlockHolmesDeAgraSchat	207	0	2	f	sg	PER.misc	Mijne moeder
ConanDoyle_SherlockHolmesDeAgraSchat	208	4	9	n	sg	LOC.punt	een net opvoedingsgesticht te Edinburgh, waar
ConanDoyle_SherlockHolmesDeAgraSchat	208	8	9	n	sg	LOC.bc	Edinburgh
ConanDoyle_SherlockHolmesDeAgraSchat	209	14	16	n	sg	ORG.gov	zijn regiment, zijn eigen regiment, het 34e Bombay-Infanterie, het 34e regiment Bombay-Infanterie
ConanDoyle_SherlockHolmesDeAgraSchat	210	4	5	n	sg	LOC.bc	Londen, Londen, Londen, Londen, Londen, de groote stad, Londen
ConanDoyle_SherlockHolmesDeAgraSchat	210	25	28	n	sg	LOC.punt	het Langham Hôtel, zijn adres, het hôtel
ConanDoyle_SherlockHolmesDeAgraSchat	211	4	6	n	sg	PKM.in	zijn bericht
ConanDoyle_SherlockHolmesDeAgraSchat	212	9	10	n	sg	LOC.bc	Langham, de stad
ConanDoyle_SherlockHolmesDeAgraSchat	214	8	10	fm	sg	PER.misc	den hôtelhouder
ConanDoyle_SherlockHolmesDeAgraSchat	214	11	13	n	sg	ORG.gov	de politie
ConanDoyle_SherlockHolmesDeAgraSchat	214	21	22	fm	pl	PER.misc	wij, Onze
ConanDoyle_SherlockHolmesDeAgraSchat	215	0	2	n	pl	PKM.in	Onze onderzoekingen
ConanDoyle_SherlockHolmesDeAgraSchat	215	12	14	n	sg	MISC	dien dag
ConanDoyle_SherlockHolmesDeAgraSchat	215	21	27	n	sg	PKM.in	een woord van mijn ongelukkigen vader
ConanDoyle_SherlockHolmesDeAgraSchat	216	6	12	n	sg	PKM.in	een hart vol hoop en liefde
ConanDoyle_SherlockHolmesDeAgraSchat	216	15	20	n	sg	PKM.in	eenige rust en vaderlijk genoegen, daarvan
ConanDoyle_SherlockHolmesDeAgraSchat	217	0	1	f	sg	PER.misc	Zij, haar, hare
ConanDoyle_SherlockHolmesDeAgraSchat	217	5	7	n	sg	PKM.uit	hare keel
ConanDoyle_SherlockHolmesDeAgraSchat	217	9	12	n	sg	MISC	een korte snik
ConanDoyle_SherlockHolmesDeAgraSchat	217	13	15	n	sg	MISC	den volzin
ConanDoyle_SherlockHolmesDeAgraSchat	220	1	3	n	sg	OBJ	Zijn bagage, Er
ConanDoyle_SherlockHolmesDeAgraSchat	222	12	14	n	pl	OBJ	wat kleêren
ConanDoyle_SherlockHolmesDeAgraSchat	222	15	17	n	pl	OBJ	eenige boeken
ConanDoyle_SherlockHolmesDeAgraSchat	222	18	25	n	pl	MISC	een groot aantal curiositeiten van de Andaman-eilanden
ConanDoyle_SherlockHolmesDeAgraSchat	222	23	25	n	pl	LOC.land	de Andaman-eilanden, de Andaman-eilanden
ConanDoyle_SherlockHolmesDeAgraSchat	223	2	5	fm	sg	PER.misc	een der officieren, die
ConanDoyle_SherlockHolmesDeAgraSchat	223	8	14	n	sg	MISC	de bewaking der daar verbannen misdadigers
ConanDoyle_SherlockHolmesDeAgraSchat	223	10	14	fm	pl	PER.misc	der daar verbannen misdadigers
ConanDoyle_SherlockHolmesDeAgraSchat	224	3	10	m	sg	PER.fic	een of ander vriend in de stad, Majoor Sholto, De Majoor, hem, hem, Majoor Sholto van Upper Norwood, oud-gediende van het 34e regiment Bombay-Infanterie, De eenige persoon in Londen, dien, Majoor Sholto, Majoor Sholto, Sholto, zijn, Sholto's, Sholto's, Majoor Sholto, een bizonder vriend van mijn papa, den Majoor, Hij, Mijn vader, Majoor John Sholto, Hij, zijn, zich, Hij, hij, zich, zijn, onzen vader, zijne, hij, hij, zijn, hem, onzen vader, Hij, hij, Onze vader, hem, hij, hij, zijn, mijn vader, mijn vader, hij, Hij, hij, hij, zijn, hij, hij, Hij, hij, hij, hij, zijn, hij, hij, Hij, hij, zijn, zijn, Ik, hij, mij, mijne, mijn, mijn, ik, mij, mij, ik, mijn, ik, ik, Ik, hij
ConanDoyle_SherlockHolmesDeAgraSchat	225	1	2	n	sg	MISC	Zoover
ConanDoyle_SherlockHolmesDeAgraSchat	225	2	3	fm	pl	PER.misc	wij, Wij
ConanDoyle_SherlockHolmesDeAgraSchat	226	13	15	n	sg	LOC.bc	Upper Norwood, Upper Norwood, Upper Norwood
ConanDoyle_SherlockHolmesDeAgraSchat	228	1	4	n	sg	MISC	Een vreemdsoortig geval
ConanDoyle_SherlockHolmesDeAgraSchat	229	1	3	n	sg	MISC	Het vreemdsoortige
ConanDoyle_SherlockHolmesDeAgraSchat	230	14	18	n	sg	MISC	den 4en Mei 1882, dat tijdstip, dienzelfden dag, dien dag, denzelfden datum
ConanDoyle_SherlockHolmesDeAgraSchat	230	22	29	n	sg	MISC	"een advertentie in de "" =Times= "", waarin, advertentie"
ConanDoyle_SherlockHolmesDeAgraSchat	230	25	29	n	sg	ORG.com	"de "" =Times= "", de "" Times """
ConanDoyle_SherlockHolmesDeAgraSchat	230	34	40	n	sg	LOC.punt	het adres van Miss Mary Morstan, mijn adres
ConanDoyle_SherlockHolmesDeAgraSchat	230	42	44	n	sg	PKM.in	de verklaring
ConanDoyle_SherlockHolmesDeAgraSchat	230	47	49	n	sg	PKM.in	haar belang
ConanDoyle_SherlockHolmesDeAgraSchat	232	7	13	fm	sg	PER.fic	het gezin van Mrs. Cecil Forrester
ConanDoyle_SherlockHolmesDeAgraSchat	233	1	3	n	sg	PKM.in	haar raad
ConanDoyle_SherlockHolmesDeAgraSchat	234	7	9	n	pl	OBJ	de post
ConanDoyle_SherlockHolmesDeAgraSchat	234	9	15	n	sg	OBJ	een aan mij geadresseerd kartonnen doosje, zich
ConanDoyle_SherlockHolmesDeAgraSchat	234	19	25	n	sg	OBJ	een zeer groote , schitterende parel, een zelfde parel, een kostbaar geschenk, dat
ConanDoyle_SherlockHolmesDeAgraSchat	236	10	13	n	sg	OBJ	een gelijksoortige doos, die
ConanDoyle_SherlockHolmesDeAgraSchat	236	21	26	n	sg	MISC	eenige aanwijzing omtrent den afzender
ConanDoyle_SherlockHolmesDeAgraSchat	236	24	26	fm	sg	PER.misc	den afzender, den besteller, Een zonderling man, Uw onbekende vriend, Uw briefschrijver, dezen knaap, Een man van zaken en tamelijk vast van karakter, zijn, zijne, zijne, een onbekende
ConanDoyle_SherlockHolmesDeAgraSchat	237	0	1	fm	pl	PER.misc	Zij, zij, zij, zes der prachtigste paarlen, die, de paarlen, paarlen, de geschenken, paarlen
ConanDoyle_SherlockHolmesDeAgraSchat	237	3	5	fm	sg	PER.misc	een deskundige
ConanDoyle_SherlockHolmesDeAgraSchat	239	2	5	n	sg	OBJ	een platte doos, haar doos met paarlen
ConanDoyle_SherlockHolmesDeAgraSchat	240	16	18	n	sg	MISC	iets anders, Dat
ConanDoyle_SherlockHolmesDeAgraSchat	242	2	4	n	sg	MISC	de reden
ConanDoyle_SherlockHolmesDeAgraSchat	243	3	5	n	sg	OBJ	dezen brief, de brief, een brief, die, een brief, den brief
ConanDoyle_SherlockHolmesDeAgraSchat	244	9	11	n	sg	OBJ	de enveloppe, Enveloppe van six-pence het pak
ConanDoyle_SherlockHolmesDeAgraSchat	247	0	8	n	sg	OBJ	De afdruk van een mansduim in den hoek
ConanDoyle_SherlockHolmesDeAgraSchat	247	3	8	n	sg	PKM.uit	een mansduim in den hoek
ConanDoyle_SherlockHolmesDeAgraSchat	247	6	8	n	sg	MISC	den hoek
ConanDoyle_SherlockHolmesDeAgraSchat	251	11	20	n	sg	OBJ	den derden pilaar van de linkerbuitenzijde van het Lyceum-Theatre, den derden pilaar
ConanDoyle_SherlockHolmesDeAgraSchat	251	15	20	n	sg	LOC.punt	de linkerbuitenzijde van het Lyceum-Theatre
ConanDoyle_SherlockHolmesDeAgraSchat	251	18	20	n	sg	LOC.punt	het Lyceum-Theatre, het Lyceum-Theatre
ConanDoyle_SherlockHolmesDeAgraSchat	252	7	9	fm	pl	PER.misc	twee vrienden, twee vrienden
ConanDoyle_SherlockHolmesDeAgraSchat	253	9	10	n	sg	MISC	gerechtigheid
ConanDoyle_SherlockHolmesDeAgraSchat	257	5	9	n	sg	MISC	een zeer aardig geheim
ConanDoyle_SherlockHolmesDeAgraSchat	258	4	6	n	sg	MISC	de vraag, die
ConanDoyle_SherlockHolmesDeAgraSchat	259	3	4	fm	pl	PER.misc	wij
ConanDoyle_SherlockHolmesDeAgraSchat	262	14	16	n	sg	PKM.in	haar stem
ConanDoyle_SherlockHolmesDeAgraSchat	263	8	10	n	sg	MISC	eene eer
ConanDoyle_SherlockHolmesDeAgraSchat	266	21	23	n	sg	PKM.in	dit handschrift, deze hand, het geschrijf van dezen knaap
ConanDoyle_SherlockHolmesDeAgraSchat	266	27	35	n	pl	LOC.punt	de adressen op de doosjes met de paarlen, ze, een half dozijn stukjes papier, de papiertjes, Zij, de papieren
ConanDoyle_SherlockHolmesDeAgraSchat	266	30	35	n	pl	OBJ	de doosjes met de paarlen
ConanDoyle_SherlockHolmesDeAgraSchat	270	5	7	n	sg	OBJ	de tafel
ConanDoyle_SherlockHolmesDeAgraSchat	270	11	13	n	sg	MISC	het een
ConanDoyle_SherlockHolmesDeAgraSchat	270	14	16	n	sg	MISC	het andere
ConanDoyle_SherlockHolmesDeAgraSchat	271	4	7	n	sg	PKM.uit	een verdraaide hand
ConanDoyle_SherlockHolmesDeAgraSchat	271	25	27	fm	sg	PER.misc	de schrijver, denzelfden persoon
ConanDoyle_SherlockHolmesDeAgraSchat	272	3	5	n	sg	MISC	de #e#
ConanDoyle_SherlockHolmesDeAgraSchat	272	10	15	n	sg	MISC	de krul van de #s#
ConanDoyle_SherlockHolmesDeAgraSchat	272	13	15	n	sg	MISC	de #s#
ConanDoyle_SherlockHolmesDeAgraSchat	274	4	6	n	sg	PKM.in	ijdele hoop
ConanDoyle_SherlockHolmesDeAgraSchat	274	22	23	n	sg	MISC	die
ConanDoyle_SherlockHolmesDeAgraSchat	276	1	3	n	sg	MISC	Dit antwoord
ConanDoyle_SherlockHolmesDeAgraSchat	279	3	5	n	sg	MISC	de zaak
ConanDoyle_SherlockHolmesDeAgraSchat	282	11	14	n	sg	PKM.in	een vriendelijken blik
ConanDoyle_SherlockHolmesDeAgraSchat	282	26	28	n	sg	PKM.uit	haren boezem
ConanDoyle_SherlockHolmesDeAgraSchat	283	2	4	n	sg	OBJ	het venster
ConanDoyle_SherlockHolmesDeAgraSchat	283	9	11	n	sg	LOC.lijn	de straat
ConanDoyle_SherlockHolmesDeAgraSchat	283	22	24	n	sg	PER.misc	een vogel
ConanDoyle_SherlockHolmesDeAgraSchat	283	26	29	fm	sg	MISC	de dichte menigte
ConanDoyle_SherlockHolmesDeAgraSchat	285	9	11	n	sg	PKM.uit	halfgesloten oogen
ConanDoyle_SherlockHolmesDeAgraSchat	287	23	24	fm	sg	PER.misc	u
ConanDoyle_SherlockHolmesDeAgraSchat	289	4	7	n	sg	PKM.in	het grootste belang
ConanDoyle_SherlockHolmesDeAgraSchat	289	13	15	n	sg	PKM.in	uw oordeel
ConanDoyle_SherlockHolmesDeAgraSchat	289	20	22	n	pl	PKM.in	persoonlijke eigenschappen
ConanDoyle_SherlockHolmesDeAgraSchat	290	0	2	fm	sg	PER.misc	Een cliënt, eene eenheid, een factor in een vraagstuk
ConanDoyle_SherlockHolmesDeAgraSchat	290	12	14	n	sg	MISC	een vraagstuk
ConanDoyle_SherlockHolmesDeAgraSchat	291	2	4	n	sg	PKM.in	het gemoed
ConanDoyle_SherlockHolmesDeAgraSchat	291	0	6	n	pl	PKM.in	De op het gemoed werkende eigenschappen
ConanDoyle_SherlockHolmesDeAgraSchat	291	7	10	n	sg	PKM.in	een zuivere redeneering
ConanDoyle_SherlockHolmesDeAgraSchat	292	3	5	n	sg	MISC	de verzekering
ConanDoyle_SherlockHolmesDeAgraSchat	292	6	9	f	sg	PER.misc	de bekoorlijkste vrouw, die
ConanDoyle_SherlockHolmesDeAgraSchat	292	22	25	fm	pl	PER.misc	drie kleine kinderen, hunne
ConanDoyle_SherlockHolmesDeAgraSchat	292	26	28	n	sg	MISC	hunne levensverzekeringssom
ConanDoyle_SherlockHolmesDeAgraSchat	292	33	39	m	sg	PER.misc	de terugstootendste man onder mijne bekenden, een filantroop, die
ConanDoyle_SherlockHolmesDeAgraSchat	292	37	39	fm	pl	PER.misc	mijne bekenden
ConanDoyle_SherlockHolmesDeAgraSchat	292	45	53	n	sg	MISC	een kwart millioen aan de armen van Londen
ConanDoyle_SherlockHolmesDeAgraSchat	292	49	53	fm	pl	PER.misc	de armen van Londen
ConanDoyle_SherlockHolmesDeAgraSchat	293	2	4	n	sg	MISC	dit geval
ConanDoyle_SherlockHolmesDeAgraSchat	294	4	5	n	pl	MISC	uitzonderingen
ConanDoyle_SherlockHolmesDeAgraSchat	295	0	2	n	sg	MISC	Een uitzondering
ConanDoyle_SherlockHolmesDeAgraSchat	295	5	7	n	sg	MISC	den regel
ConanDoyle_SherlockHolmesDeAgraSchat	296	11	13	n	sg	PKM.in	een handschrift
ConanDoyle_SherlockHolmesDeAgraSchat	296	13	15	n	sg	MISC	een karakter-studie
ConanDoyle_SherlockHolmesDeAgraSchat	297	3	11	n	sg	PKM.in	uw oordeel omtrent het geschrijf van dezen knaap
ConanDoyle_SherlockHolmesDeAgraSchat	301	5	8	n	pl	PKM.in	zijn lange letters, zij
ConanDoyle_SherlockHolmesDeAgraSchat	301	18	20	n	sg	MISC	de gewone
ConanDoyle_SherlockHolmesDeAgraSchat	302	0	2	n	sg	MISC	Die #d#
ConanDoyle_SherlockHolmesDeAgraSchat	302	4	6	n	sg	MISC	een #a#
ConanDoyle_SherlockHolmesDeAgraSchat	302	8	10	n	sg	MISC	die #l#
ConanDoyle_SherlockHolmesDeAgraSchat	302	11	13	n	sg	MISC	een #e#
ConanDoyle_SherlockHolmesDeAgraSchat	303	0	3	m	pl	PER.misc	Mannen van karakter, zij
ConanDoyle_SherlockHolmesDeAgraSchat	303	8	13	n	pl	PKM.in	hunne gewone en lange letters
ConanDoyle_SherlockHolmesDeAgraSchat	304	4	7	n	pl	PKM.in	zijne #k# 's
ConanDoyle_SherlockHolmesDeAgraSchat	304	12	14	n	pl	PKM.in	zijne hoofdletters
ConanDoyle_SherlockHolmesDeAgraSchat	307	3	5	n	sg	OBJ	"dit boek, een der merkwaardigste, die, Het, "" Het martelaarschap van den man , "" van Winwood Reade, het aangeduide boek, het werk des schrijvers"
ConanDoyle_SherlockHolmesDeAgraSchat	308	3	8	n	sg	MISC	Het martelaarschap van den man
ConanDoyle_SherlockHolmesDeAgraSchat	308	11	13	m	sg	PER.nfic	Winwood Reade, des schrijvers
ConanDoyle_SherlockHolmesDeAgraSchat	310	3	5	n	sg	OBJ	de vensternis
ConanDoyle_SherlockHolmesDeAgraSchat	310	10	12	n	sg	PKM.uit	mijn hand
ConanDoyle_SherlockHolmesDeAgraSchat	310	14	16	n	pl	PKM.in	mijne gedachten
ConanDoyle_SherlockHolmesDeAgraSchat	311	0	2	n	pl	PKM.in	Mijn gedachten
ConanDoyle_SherlockHolmesDeAgraSchat	311	10	12	n	sg	PKM.in	haren glimlach
ConanDoyle_SherlockHolmesDeAgraSchat	311	13	20	n	pl	PKM.in	die diepe gevoelvolle tonen van hare stem
ConanDoyle_SherlockHolmesDeAgraSchat	311	18	20	n	sg	PKM.in	hare stem
ConanDoyle_SherlockHolmesDeAgraSchat	311	22	25	n	sg	MISC	het vreemdsoortig geheim, dat
ConanDoyle_SherlockHolmesDeAgraSchat	312	6	12	n	sg	MISC	het tijdstip van haar vaders verdwijning
ConanDoyle_SherlockHolmesDeAgraSchat	312	9	12	n	sg	MISC	haar vaders verdwijning
ConanDoyle_SherlockHolmesDeAgraSchat	312	21	24	n	sg	PKM.in	een schoone leeftijd, waarop
ConanDoyle_SherlockHolmesDeAgraSchat	312	26	28	n	sg	PKM.in	de jeugd, haar
ConanDoyle_SherlockHolmesDeAgraSchat	312	28	30	n	sg	PKM.in	haar zelfvertrouwen
ConanDoyle_SherlockHolmesDeAgraSchat	313	8	11	n	pl	MISC	zulke gevaarlijke gedachten
ConanDoyle_SherlockHolmesDeAgraSchat	313	18	20	n	sg	OBJ	mijn lessenaar
ConanDoyle_SherlockHolmesDeAgraSchat	313	25	29	n	sg	MISC	mijn verhandeling over pathologie
ConanDoyle_SherlockHolmesDeAgraSchat	313	28	29	n	sg	MISC	pathologie
ConanDoyle_SherlockHolmesDeAgraSchat	315	6	9	n	sg	PKM.uit	een zwak been
ConanDoyle_SherlockHolmesDeAgraSchat	315	11	14	n	sg	MISC	een zwakker fortuin
ConanDoyle_SherlockHolmesDeAgraSchat	315	18	20	n	pl	MISC	zulke dingen
ConanDoyle_SherlockHolmesDeAgraSchat	317	1	3	n	sg	PKM.in	mijn toekomst
ConanDoyle_SherlockHolmesDeAgraSchat	317	7	9	n	sg	MISC	het gewis
ConanDoyle_SherlockHolmesDeAgraSchat	317	24	26	n	pl	MISC	onbereikbare luchtkasteelen
ConanDoyle_SherlockHolmesDeAgraSchat	319	1	2	n	sg	MISC	onderzoek
ConanDoyle_SherlockHolmesDeAgraSchat	321	19	21	n	sg	PKM.in	een gemoedsgesteldheid, die
ConanDoyle_SherlockHolmesDeAgraSchat	322	14	17	n	sg	OBJ	den kop thee, dien
ConanDoyle_SherlockHolmesDeAgraSchat	322	26	28	n	pl	MISC	de feiten
ConanDoyle_SherlockHolmesDeAgraSchat	326	6	8	n	sg	PKM.in	een veronderstelling, een zeer vage veronderstelling, De veronderstelling
ConanDoyle_SherlockHolmesDeAgraSchat	328	0	3	n	pl	MISC	De nadere bizonderheden
ConanDoyle_SherlockHolmesDeAgraSchat	329	4	11	n	pl	OBJ	"oude nummers van de "" Times """
ConanDoyle_SherlockHolmesDeAgraSchat	338	4	6	n	sg	PKM.in	zijn dood, Sholto's dood, zijn dood
ConanDoyle_SherlockHolmesDeAgraSchat	339	10	15	n	sg	MISC	de verdwijning van haren vader, de verdwijning van kapitein Morstan, het geval, het geheele geheim
ConanDoyle_SherlockHolmesDeAgraSchat	340	16	18	fm	sg	PER.fic	Sholto's erfgenaam
ConanDoyle_SherlockHolmesDeAgraSchat	340	20	22	n	sg	MISC	het geheim
ConanDoyle_SherlockHolmesDeAgraSchat	340	25	27	n	sg	MISC	een schikking
ConanDoyle_SherlockHolmesDeAgraSchat	341	2	5	n	sg	PKM.in	eenige tegenovergestelde theorie
ConanDoyle_SherlockHolmesDeAgraSchat	342	3	6	n	sg	MISC	een vreemdsoortige gevolgtrekking
ConanDoyle_SherlockHolmesDeAgraSchat	345	7	9	n	sg	PKM.in	haar recht
ConanDoyle_SherlockHolmesDeAgraSchat	348	2	5	n	sg	MISC	een ander onrecht
ConanDoyle_SherlockHolmesDeAgraSchat	349	3	4	n	pl	MISC	moeielijkheden, groote moeielijkheden, ze, allen
ConanDoyle_SherlockHolmesDeAgraSchat	349	18	22	n	sg	MISC	onze expeditie van hedenavond, de vreemdsoortige onderneming, onze expeditie, onze tocht
ConanDoyle_SherlockHolmesDeAgraSchat	350	4	6	n	sg	OBJ	een vierwieler, het rijtuig
ConanDoyle_SherlockHolmesDeAgraSchat	353	2	4	n	sg	OBJ	mijn hoed
ConanDoyle_SherlockHolmesDeAgraSchat	353	5	7	n	sg	OBJ	stevigsten stok
ConanDoyle_SherlockHolmesDeAgraSchat	353	13	15	n	sg	OBJ	zijn revolver
ConanDoyle_SherlockHolmesDeAgraSchat	353	16	18	n	sg	OBJ	het wapenrek
ConanDoyle_SherlockHolmesDeAgraSchat	353	21	23	n	sg	OBJ	zijn zak
ConanDoyle_SherlockHolmesDeAgraSchat	354	9	13	n	sg	MISC	avondwerk van ernstigen aard
ConanDoyle_SherlockHolmesDeAgraSchat	355	4	7	n	sg	OBJ	een donkerkleurigen mantel
ConanDoyle_SherlockHolmesDeAgraSchat	356	39	42	n	pl	MISC	de weinige vragen, die
ConanDoyle_SherlockHolmesDeAgraSchat	357	16	18	n	pl	OBJ	zijne brieven
ConanDoyle_SherlockHolmesDeAgraSchat	357	22	26	n	pl	MISC	toespelingen op den Majoor
ConanDoyle_SherlockHolmesDeAgraSchat	358	4	12	n	sg	MISC	het bevel over de troepen op de Andaman-eilanden
ConanDoyle_SherlockHolmesDeAgraSchat	358	7	12	n	pl	ORG.gov	de troepen op de Andaman-eilanden
ConanDoyle_SherlockHolmesDeAgraSchat	358	15	16	fm	pl	PER.misc	zij
ConanDoyle_SherlockHolmesDeAgraSchat	359	3	5	n	sg	OBJ	papa's lessenaar
ConanDoyle_SherlockHolmesDeAgraSchat	359	5	8	n	sg	OBJ	een vreemdsoortig papier, het, het, het, het papier, Het papier, dit, het, een belangrijk document, Het, het, het
ConanDoyle_SherlockHolmesDeAgraSchat	362	10	12	n	sg	PKM.uit	zijn knie, zijn knie
ConanDoyle_SherlockHolmesDeAgraSchat	363	6	9	n	sg	OBJ	zijn dubbele lens
ConanDoyle_SherlockHolmesDeAgraSchat	364	5	6	n	sg	LOC.land	Indië, Indië, Indië
ConanDoyle_SherlockHolmesDeAgraSchat	364	19	21	n	sg	OBJ	een bord
ConanDoyle_SherlockHolmesDeAgraSchat	365	0	3	n	sg	PKM.in	De teekening erop
ConanDoyle_SherlockHolmesDeAgraSchat	365	4	6	n	sg	MISC	het ontwerp
ConanDoyle_SherlockHolmesDeAgraSchat	365	9	15	n	sg	LOC.punt	een gedeelte van een groot gebouw
ConanDoyle_SherlockHolmesDeAgraSchat	365	12	15	n	sg	LOC.punt	een groot gebouw
ConanDoyle_SherlockHolmesDeAgraSchat	365	17	19	n	pl	LOC.punt	talrijke zalen
ConanDoyle_SherlockHolmesDeAgraSchat	365	20	21	n	pl	LOC.punt	gangen
ConanDoyle_SherlockHolmesDeAgraSchat	366	1	4	n	sg	LOC.punt	den eenen hoek
ConanDoyle_SherlockHolmesDeAgraSchat	366	5	11	n	sg	PKM.in	een met roode inkt geteekend kruis
ConanDoyle_SherlockHolmesDeAgraSchat	366	9	11	n	sg	PKM.in	geteekend kruis
ConanDoyle_SherlockHolmesDeAgraSchat	367	1	3	n	sg	LOC.punt	den linkerhoek
ConanDoyle_SherlockHolmesDeAgraSchat	367	4	6	n	pl	PKM.in	vier kruisjes, waarvan
ConanDoyle_SherlockHolmesDeAgraSchat	367	7	9	n	sg	MISC	een lijn
ConanDoyle_SherlockHolmesDeAgraSchat	367	11	13	fm	pl	MISC	de armen, elkander
ConanDoyle_SherlockHolmesDeAgraSchat	368	3	5	n	pl	PKM.in	ruwe karakters
ConanDoyle_SherlockHolmesDeAgraSchat	369	1	5	n	sg	MISC	Het teeken der vier
ConanDoyle_SherlockHolmesDeAgraSchat	369	3	5	m	sg	PER.misc	der vier
ConanDoyle_SherlockHolmesDeAgraSchat	369	6	8	m	sg	PER.fic	Jonathan Small
ConanDoyle_SherlockHolmesDeAgraSchat	369	9	11	m	sg	PER.fic	Mahomed Singh
ConanDoyle_SherlockHolmesDeAgraSchat	369	12	14	m	sg	PER.fic	Abdullah Khan
ConanDoyle_SherlockHolmesDeAgraSchat	369	15	17	m	sg	PER.fic	Dost Akbar
ConanDoyle_SherlockHolmesDeAgraSchat	372	4	6	n	sg	OBJ	een zakboek
ConanDoyle_SherlockHolmesDeAgraSchat	373	1	2	fm	pl	PER.misc	Wij
ConanDoyle_SherlockHolmesDeAgraSchat	373	5	7	n	sg	OBJ	zijn zakboek
ConanDoyle_SherlockHolmesDeAgraSchat	374	12	13	fm	pl	PER.misc	ons
ConanDoyle_SherlockHolmesDeAgraSchat	376	2	4	n	pl	PKM.in	mijne gedachten
ConanDoyle_SherlockHolmesDeAgraSchat	377	10	13	n	sg	PKM.in	zijn geheele houding
ConanDoyle_SherlockHolmesDeAgraSchat	377	17	19	n	pl	PKM.in	zijn gedachten
ConanDoyle_SherlockHolmesDeAgraSchat	378	5	6	fm	pl	PER.misc	wij, ons, onze, onze
ConanDoyle_SherlockHolmesDeAgraSchat	378	15	19	n	sg	MISC	den mogelijken uitslag ervan
ConanDoyle_SherlockHolmesDeAgraSchat	378	29	34	n	sg	MISC	het einde van den rit
ConanDoyle_SherlockHolmesDeAgraSchat	378	32	34	n	sg	MISC	den rit
ConanDoyle_SherlockHolmesDeAgraSchat	379	2	6	n	sg	MISC	een avond in September, het, een donkere dag
ConanDoyle_SherlockHolmesDeAgraSchat	379	22	27	n	sg	MISC	een vochtige , doordringende mist, de mist, den nevel, de dampachtige lucht, den mist
ConanDoyle_SherlockHolmesDeAgraSchat	380	0	3	n	pl	MISC	Gelijk zwarte wolken
ConanDoyle_SherlockHolmesDeAgraSchat	380	7	10	n	pl	LOC.lijn	de modderige straten, de mistige straten
ConanDoyle_SherlockHolmesDeAgraSchat	381	1	3	n	sg	LOC.lijn	het strand
ConanDoyle_SherlockHolmesDeAgraSchat	381	4	8	n	sg	MISC	het licht der lantaarns
ConanDoyle_SherlockHolmesDeAgraSchat	381	6	8	n	pl	OBJ	der lantaarns
ConanDoyle_SherlockHolmesDeAgraSchat	381	17	20	n	sg	MISC	een schaarsch schijnsel
ConanDoyle_SherlockHolmesDeAgraSchat	381	21	24	n	sg	OBJ	de glibberige bestrating
ConanDoyle_SherlockHolmesDeAgraSchat	382	0	6	n	pl	MISC	De gele lichtstralen uit de winkelramen
ConanDoyle_SherlockHolmesDeAgraSchat	382	4	6	n	pl	OBJ	de winkelramen
ConanDoyle_SherlockHolmesDeAgraSchat	382	16	19	n	sg	MISC	een spookachtig licht
ConanDoyle_SherlockHolmesDeAgraSchat	382	20	23	fm	sg	PER.misc	de menigte daarbuiten
ConanDoyle_SherlockHolmesDeAgraSchat	383	0	2	n	sg	MISC	Deze omstandigheid, dat licht en donker
ConanDoyle_SherlockHolmesDeAgraSchat	383	3	5	n	sg	MISC	het doel, waarvoor
ConanDoyle_SherlockHolmesDeAgraSchat	383	6	7	fm	pl	PER.misc	wij, ons, Wij, wij, ons, gij, ons, wij, ons, wij, Wij, ons, wij, onze, wij, wij, Wij, wij, Wij, ons, onze, ons, Wij, ons, wij, wij, hun, hen, Wij, wij, ons, u, Wij, ons, Wij, ons, ons, Wij, ons, gij, Wij, ons drieën, onze, gij, u, u, u, u, u, u, gij, u
ConanDoyle_SherlockHolmesDeAgraSchat	384	3	8	n	sg	PKM.in	het voorkomen van Miss Morstan
ConanDoyle_SherlockHolmesDeAgraSchat	385	4	6	n	pl	PKM.in	dusdanige invloeden
ConanDoyle_SherlockHolmesDeAgraSchat	386	15	17	n	pl	PKM.in	eenige aanteekeningen
ConanDoyle_SherlockHolmesDeAgraSchat	386	18	23	n	sg	MISC	het licht van zijn zak-lantaarn
ConanDoyle_SherlockHolmesDeAgraSchat	386	21	23	n	sg	OBJ	zijn zak-lantaarn
ConanDoyle_SherlockHolmesDeAgraSchat	387	2	7	n	pl	OBJ	de zijdeuren van het Lyceum-Theatre
ConanDoyle_SherlockHolmesDeAgraSchat	387	8	10	fm	sg	PER.misc	de menigte
ConanDoyle_SherlockHolmesDeAgraSchat	387	12	15	fm	pl	PER.misc	de dichte drommen
ConanDoyle_SherlockHolmesDeAgraSchat	388	15	23	m	sg	PER.misc	een klein , donker uitziend , levendig man, koetsier, hij, Hij, Gij, mij, hij, mij, mij, u, hij, De man, die, de koetsier, zijne, mijn bediende Williams, Williams, zijne, hij, hij, Williams, die, een hunner, Hij, de kampioen-athleet van Engeland
ConanDoyle_SherlockHolmesDeAgraSchat	389	3	5	m	pl	PER.misc	de partijen, die
ConanDoyle_SherlockHolmesDeAgraSchat	391	2	8	n	pl	PKM.uit	een paar doordringende en vragende oogen
ConanDoyle_SherlockHolmesDeAgraSchat	392	28	30	n	sg	PKM.in	uw woord, mijn woord
ConanDoyle_SherlockHolmesDeAgraSchat	392	37	41	fm	sg	PER.misc	een ambtenaar der politie
ConanDoyle_SherlockHolmesDeAgraSchat	392	39	41	n	sg	ORG.gov	der politie
ConanDoyle_SherlockHolmesDeAgraSchat	394	3	6	n	sg	PKM.in	een schril gefluit
ConanDoyle_SherlockHolmesDeAgraSchat	394	10	12	fm	sg	PER.misc	een huurkoetsier
ConanDoyle_SherlockHolmesDeAgraSchat	394	14	17	n	sg	OBJ	een vierwielig rijtuig, het rijtuig, ons rijtuig, ons rijtuig, ons rijtuig
ConanDoyle_SherlockHolmesDeAgraSchat	394	18	20	n	sg	OBJ	het portier
ConanDoyle_SherlockHolmesDeAgraSchat	395	8	10	n	sg	OBJ	den bok
ConanDoyle_SherlockHolmesDeAgraSchat	396	4	6	n	pl	MISC	zijne paarden
ConanDoyle_SherlockHolmesDeAgraSchat	397	3	6	n	sg	MISC	een zonderlinge positie
ConanDoyle_SherlockHolmesDeAgraSchat	398	3	7	n	sg	LOC.punt	een ons onbekende plaats
ConanDoyle_SherlockHolmesDeAgraSchat	398	9	14	n	sg	PKM.in	de uitnoodiging van een onbekende, deze uitnoodiging, een grap
ConanDoyle_SherlockHolmesDeAgraSchat	400	0	3	n	sg	PKM.in	Miss Morstan's gedrag
ConanDoyle_SherlockHolmesDeAgraSchat	401	9	12	n	pl	PKM.in	eenige mijner avonturen, mijne verhalen
ConanDoyle_SherlockHolmesDeAgraSchat	401	10	12	n	pl	PKM.in	mijner avonturen
ConanDoyle_SherlockHolmesDeAgraSchat	401	18	20	n	sg	MISC	de waarheid
ConanDoyle_SherlockHolmesDeAgraSchat	402	9	11	n	sg	MISC	de richting, die
ConanDoyle_SherlockHolmesDeAgraSchat	402	31	36	n	sg	PKM.in	mijne oppervlakkige kennis van Londen
ConanDoyle_SherlockHolmesDeAgraSchat	402	36	38	n	sg	MISC	de route
ConanDoyle_SherlockHolmesDeAgraSchat	402	46	50	n	sg	MISC	een zeer verren weg
ConanDoyle_SherlockHolmesDeAgraSchat	403	10	14	n	pl	MISC	de namen der squares, die
ConanDoyle_SherlockHolmesDeAgraSchat	403	12	14	n	pl	LOC.punt	der squares
ConanDoyle_SherlockHolmesDeAgraSchat	403	17	21	n	pl	LOC.lijn	der straten en stegen
ConanDoyle_SherlockHolmesDeAgraSchat	404	1	3	n	sg	LOC.punt	Rochester Row
ConanDoyle_SherlockHolmesDeAgraSchat	404	10	12	n	sg	LOC.punt	Vincent Square
ConanDoyle_SherlockHolmesDeAgraSchat	405	5	9	n	sg	LOC.punt	de Vauxhall Bridge Road
ConanDoyle_SherlockHolmesDeAgraSchat	406	3	7	n	sg	LOC.lijn	de zijde der Surrey
ConanDoyle_SherlockHolmesDeAgraSchat	406	5	7	n	sg	LOC.punt	der Surrey
ConanDoyle_SherlockHolmesDeAgraSchat	408	4	6	n	sg	LOC.lijn	de brug
ConanDoyle_SherlockHolmesDeAgraSchat	408	7	8	fm	sg	PER.misc	gij
ConanDoyle_SherlockHolmesDeAgraSchat	408	13	15	n	sg	LOC.water	de rivier, de Theems
ConanDoyle_SherlockHolmesDeAgraSchat	409	3	8	n	sg	LOC.lijn	een strook van de Theems, die
ConanDoyle_SherlockHolmesDeAgraSchat	409	11	13	n	pl	OBJ	de bruglantarens
ConanDoyle_SherlockHolmesDeAgraSchat	409	25	29	n	sg	MISC	een doolhof van straten
ConanDoyle_SherlockHolmesDeAgraSchat	409	28	29	n	pl	LOC.lijn	straten
ConanDoyle_SherlockHolmesDeAgraSchat	409	30	32	n	sg	MISC	de overzijde
ConanDoyle_SherlockHolmesDeAgraSchat	410	1	3	n	sg	LOC.punt	Wordsworth Road
ConanDoyle_SherlockHolmesDeAgraSchat	410	10	12	n	sg	LOC.punt	Priory Road
ConanDoyle_SherlockHolmesDeAgraSchat	410	13	16	n	sg	LOC.punt	Larke Hall Lane
ConanDoyle_SherlockHolmesDeAgraSchat	410	17	19	n	sg	LOC.punt	Stockwell Place
ConanDoyle_SherlockHolmesDeAgraSchat	410	20	22	n	sg	LOC.punt	Robert Street
ConanDoyle_SherlockHolmesDeAgraSchat	410	23	26	n	sg	LOC.punt	Cold Harbour Lane
ConanDoyle_SherlockHolmesDeAgraSchat	411	3	5	n	sg	PKM.in	onze taak
ConanDoyle_SherlockHolmesDeAgraSchat	412	4	9	n	sg	LOC.bc	een onaanzienlijke en dubbelzinnige wijk
ConanDoyle_SherlockHolmesDeAgraSchat	413	0	5	n	pl	LOC.lijn	Lange lijnen van donkere huizen
ConanDoyle_SherlockHolmesDeAgraSchat	413	3	5	n	pl	OBJ	donkere huizen
ConanDoyle_SherlockHolmesDeAgraSchat	413	10	14	n	sg	MISC	den schijn der kroegen, die
ConanDoyle_SherlockHolmesDeAgraSchat	413	12	14	n	pl	ORG.com	der kroegen
ConanDoyle_SherlockHolmesDeAgraSchat	413	18	19	n	sg	PER.misc	menigte
ConanDoyle_SherlockHolmesDeAgraSchat	414	2	9	n	pl	LOC.lijn	lanen met villa's van twee verdiepingen hoog
ConanDoyle_SherlockHolmesDeAgraSchat	414	4	9	n	pl	OBJ	villa's van twee verdiepingen hoog, elk
ConanDoyle_SherlockHolmesDeAgraSchat	414	12	15	n	sg	LOC.punt	een klein tuintje
ConanDoyle_SherlockHolmesDeAgraSchat	414	21	27	n	pl	LOC.lijn	onafzienbare rijen nieuw gebouwde rood-steenen huizen
ConanDoyle_SherlockHolmesDeAgraSchat	414	23	27	n	pl	OBJ	nieuw gebouwde rood-steenen huizen
ConanDoyle_SherlockHolmesDeAgraSchat	415	8	15	n	sg	OBJ	het derde van een nieuw blok huizen, dat, waarvoor, een woning van den derden rang, mijn klein heiligdom, Een kleine woning, Een soort oase, het vertrek, waarbinnen, dit onaanzienlijke huis
ConanDoyle_SherlockHolmesDeAgraSchat	415	11	15	n	sg	LOC.bc	een nieuw blok huizen
ConanDoyle_SherlockHolmesDeAgraSchat	416	15	17	n	pl	MISC	de anderen
ConanDoyle_SherlockHolmesDeAgraSchat	416	19	25	n	sg	OBJ	een enkel lichtje voor het keukenraam
ConanDoyle_SherlockHolmesDeAgraSchat	416	23	25	n	sg	OBJ	het keukenraam
ConanDoyle_SherlockHolmesDeAgraSchat	417	5	7	n	sg	OBJ	de deur
ConanDoyle_SherlockHolmesDeAgraSchat	417	10	13	m	sg	PER.misc	een Hindoesch bediende, deze Oostersche figuur, die, hij, hij, Khitmutgar, den Indiaan, hij
ConanDoyle_SherlockHolmesDeAgraSchat	417	16	19	n	sg	OBJ	een gele turban
ConanDoyle_SherlockHolmesDeAgraSchat	417	20	23	n	pl	OBJ	witte wijde kleederen
ConanDoyle_SherlockHolmesDeAgraSchat	417	24	27	n	sg	OBJ	een gele sjerp
ConanDoyle_SherlockHolmesDeAgraSchat	418	3	5	n	sg	PKM.in	vreemdsoortig onpassends
ConanDoyle_SherlockHolmesDeAgraSchat	418	15	24	n	sg	LOC.punt	de gang van een woning van den derden rang
ConanDoyle_SherlockHolmesDeAgraSchat	418	21	24	n	sg	PKM.in	den derden rang
ConanDoyle_SherlockHolmesDeAgraSchat	419	1	3	m	sg	PER.fic	De Sahib, deze, mij, den kaalhoofdigen man, Hij, zijne, zijne, hem, hij, zijn, zijn, zijne, hij, hij, mijne, Ik, mijn, mijn, hij, Mr. Thaddeus Sholto, de kleine man, mijn, hij, ik, Ik, mijn, Ik, ik, zijn, hij, zich, hij, zijn, gij, u, mijne, hij, ik, Ik, den man, Ik, hij, mijn, Ik, ik, Hij, zich, zijn, gij, hij, ik, ik, ik, ik, Ik, mijne, Hij, de vreemdsoortige , dwergachtige snaak, zijn, ik, hij, ik, mijn, ik, mijn, ik, mijn, Ik, ik, een eenigszins achterdochtig, ik, Ik, Ik, Ik, Ik, mij, mijn, Ik, Gij, Mr. Sholto, uw, hij, mij, ik, mij, Ik, Hij, zijn, hij, ik, ik, ik, ik, mij, Ik, ik, Mijn, Mijn, Ik, mij, Mijn, mijn, mijn, ik, Ik
ConanDoyle_SherlockHolmesDeAgraSchat	419	19	23	n	sg	LOC.punt	een of andere kamer, der kamer
ConanDoyle_SherlockHolmesDeAgraSchat	419	23	28	n	sg	PKM.in	een schelle , pieperige stem
ConanDoyle_SherlockHolmesDeAgraSchat	420	3	6	n	sg	MISC	den weg hierheen
ConanDoyle_SherlockHolmesDeAgraSchat	423	0	6	n	sg	PKM.in	De geschiedenis van den kaalhoofdigen man
ConanDoyle_SherlockHolmesDeAgraSchat	424	5	8	n	sg	LOC.punt	een morsige gang
ConanDoyle_SherlockHolmesDeAgraSchat	424	11	13	n	sg	OBJ	een deur, die
ConanDoyle_SherlockHolmesDeAgraSchat	424	11	15	n	sg	OBJ	een deur ter rechterzijde
ConanDoyle_SherlockHolmesDeAgraSchat	425	0	4	n	sg	MISC	Een stroom geelachtig licht, dien
ConanDoyle_SherlockHolmesDeAgraSchat	425	2	4	n	sg	MISC	geelachtig licht
ConanDoyle_SherlockHolmesDeAgraSchat	425	10	15	n	sg	LOC.punt	het midden van dien schijn
ConanDoyle_SherlockHolmesDeAgraSchat	425	13	15	n	sg	MISC	dien schijn
ConanDoyle_SherlockHolmesDeAgraSchat	425	16	24	m	sg	PER.misc	een kleine man met een zeer groot hoofd
ConanDoyle_SherlockHolmesDeAgraSchat	425	20	24	n	sg	PKM.uit	een zeer groot hoofd, dat, zijn groot , glimmend hoofd
ConanDoyle_SherlockHolmesDeAgraSchat	425	27	34	n	sg	PKM.uit	een kring van rood , borstelig haar
ConanDoyle_SherlockHolmesDeAgraSchat	425	30	34	n	sg	PKM.uit	rood , borstelig haar
ConanDoyle_SherlockHolmesDeAgraSchat	425	39	43	n	sg	PKM.uit	een glimmend kale puntkruin
ConanDoyle_SherlockHolmesDeAgraSchat	426	2	4	n	pl	PKM.uit	zijne handen
ConanDoyle_SherlockHolmesDeAgraSchat	426	5	7	n	pl	PKM.uit	zijne gelaatstrekken
ConanDoyle_SherlockHolmesDeAgraSchat	427	0	2	n	sg	MISC	De Natuur
ConanDoyle_SherlockHolmesDeAgraSchat	427	5	7	n	sg	PKM.uit	een hanglip
ConanDoyle_SherlockHolmesDeAgraSchat	427	11	18	n	pl	PKM.uit	de rij zijner gele , onregelmatige tanden
ConanDoyle_SherlockHolmesDeAgraSchat	427	13	18	n	pl	PKM.uit	zijner gele , onregelmatige tanden
ConanDoyle_SherlockHolmesDeAgraSchat	427	32	34	n	sg	PKM.uit	zijn hand
ConanDoyle_SherlockHolmesDeAgraSchat	427	35	37	n	sg	PKM.uit	zijn onderkaak
ConanDoyle_SherlockHolmesDeAgraSchat	428	1	4	n	sg	PKM.uit	zijne buitengewone kaalhoofdigheid
ConanDoyle_SherlockHolmesDeAgraSchat	429	1	3	fm	sg	PER.misc	Uw dienaar, uw dienaar
ConanDoyle_SherlockHolmesDeAgraSchat	431	8	11	n	sg	PKM.in	mijn eigen smaak
ConanDoyle_SherlockHolmesDeAgraSchat	432	4	9	n	sg	MISC	deze beklagenswaardige wildernis van Zuidelijk-Londen
ConanDoyle_SherlockHolmesDeAgraSchat	432	8	9	n	sg	LOC.regio	Zuidelijk-Londen
ConanDoyle_SherlockHolmesDeAgraSchat	433	5	10	n	sg	MISC	het uiterlijk van het vertrek
ConanDoyle_SherlockHolmesDeAgraSchat	434	0	6	n	sg	MISC	Het geleek in dit onaanzienlijke huis
ConanDoyle_SherlockHolmesDeAgraSchat	434	7	13	n	sg	OBJ	een diamant van het zuiverst water
ConanDoyle_SherlockHolmesDeAgraSchat	434	10	13	n	sg	OBJ	het zuiverst water
ConanDoyle_SherlockHolmesDeAgraSchat	434	14	15	n	sg	OBJ	koper
ConanDoyle_SherlockHolmesDeAgraSchat	435	0	7	n	pl	OBJ	De rijkste en kostbaarste gordijnen en tapijten
ConanDoyle_SherlockHolmesDeAgraSchat	435	8	10	n	pl	OBJ	de wanden
ConanDoyle_SherlockHolmesDeAgraSchat	435	22	27	n	sg	MISC	een schilderstuk of Oostersche vaas
ConanDoyle_SherlockHolmesDeAgraSchat	436	0	2	n	sg	OBJ	Het vloerkleed
ConanDoyle_SherlockHolmesDeAgraSchat	436	11	13	n	sg	PKM.uit	de voet
ConanDoyle_SherlockHolmesDeAgraSchat	436	17	20	n	sg	OBJ	een donzen bed
ConanDoyle_SherlockHolmesDeAgraSchat	437	0	3	n	pl	OBJ	Twee groote tijgerhuiden
ConanDoyle_SherlockHolmesDeAgraSchat	437	5	11	n	sg	OBJ	een op een standaard staande hookah, Oostersche tabakspijp, mijne hookah, een onschatbaar geneesmiddel, den grooten bol
ConanDoyle_SherlockHolmesDeAgraSchat	437	16	18	n	sg	MISC	het geheel
ConanDoyle_SherlockHolmesDeAgraSchat	437	18	23	n	sg	MISC	het voorkomen van Oostersche weelde
ConanDoyle_SherlockHolmesDeAgraSchat	437	21	23	n	sg	MISC	Oostersche weelde
ConanDoyle_SherlockHolmesDeAgraSchat	438	0	2	n	sg	OBJ	Een lamp
ConanDoyle_SherlockHolmesDeAgraSchat	438	4	10	n	sg	MISC	den vorm van een zilveren duif
ConanDoyle_SherlockHolmesDeAgraSchat	438	7	10	n	sg	OBJ	een zilveren duif
ConanDoyle_SherlockHolmesDeAgraSchat	438	13	23	n	sg	OBJ	een zeer dunne vergulde ketting in het midden der kamer
ConanDoyle_SherlockHolmesDeAgraSchat	438	19	23	n	sg	LOC.punt	het midden der kamer
ConanDoyle_SherlockHolmesDeAgraSchat	439	1	2	n	sg	OBJ	zij, zij
ConanDoyle_SherlockHolmesDeAgraSchat	439	5	7	n	sg	MISC	de lucht
ConanDoyle_SherlockHolmesDeAgraSchat	439	8	12	n	sg	MISC	een zachten aromatischen geur
ConanDoyle_SherlockHolmesDeAgraSchat	440	19	21	n	sg	PKM.in	mijn naam
ConanDoyle_SherlockHolmesDeAgraSchat	444	14	16	n	sg	OBJ	uw stethoscoop
ConanDoyle_SherlockHolmesDeAgraSchat	446	5	7	n	sg	PKM.uit	mijn hart-klep, de klep
ConanDoyle_SherlockHolmesDeAgraSchat	446	10	12	n	sg	PKM.in	de goedheid
ConanDoyle_SherlockHolmesDeAgraSchat	447	8	10	n	sg	PKM.uit	de hart-ader
ConanDoyle_SherlockHolmesDeAgraSchat	447	18	20	n	sg	PKM.in	uw oordeel
ConanDoyle_SherlockHolmesDeAgraSchat	448	3	5	n	sg	PKM.uit	zijn hart
ConanDoyle_SherlockHolmesDeAgraSchat	448	17	20	n	sg	PKM.in	een angstigen toestand
ConanDoyle_SherlockHolmesDeAgraSchat	448	26	29	n	sg	PKM.uit	zijn gansche lichaam
ConanDoyle_SherlockHolmesDeAgraSchat	450	3	5	n	sg	PKM.in	mijne angstigheid
ConanDoyle_SherlockHolmesDeAgraSchat	450	24	26	n	sg	PKM.uit	een hartader-breuk
ConanDoyle_SherlockHolmesDeAgraSchat	452	5	7	n	sg	PKM.uit	zijn hart
ConanDoyle_SherlockHolmesDeAgraSchat	453	6	8	n	sg	PKM.uit	het gelaat
ConanDoyle_SherlockHolmesDeAgraSchat	453	15	18	n	sg	PKM.in	deze onhandige opmerking
ConanDoyle_SherlockHolmesDeAgraSchat	455	4	6	n	sg	PKM.uit	mijn hart
ConanDoyle_SherlockHolmesDeAgraSchat	456	21	24	m	sg	PER.fic	mijn broeder Bartholomeus, broeder Bartholomeus, broeder Bartholomeus, broeder Bartholomeus, broeder Bartholomeus, Hij, hem, hij, hij, hij, hem
ConanDoyle_SherlockHolmesDeAgraSchat	457	5	6	fm	sg	PER.misc	gij, u, u
ConanDoyle_SherlockHolmesDeAgraSchat	461	7	8	n	sg	MISC	publiciteit
ConanDoyle_SherlockHolmesDeAgraSchat	462	14	21	n	sg	PKM.uit	zijn doffe , waterige , blauwe oogen
ConanDoyle_SherlockHolmesDeAgraSchat	464	2	4	n	sg	PKM.uit	mijn hoofd
ConanDoyle_SherlockHolmesDeAgraSchat	465	16	17	fm	sg	PER.misc	u
ConanDoyle_SherlockHolmesDeAgraSchat	465	17	20	n	sg	OBJ	een glas Chianti
ConanDoyle_SherlockHolmesDeAgraSchat	466	1	2	n	sg	OBJ	Tokayer
ConanDoyle_SherlockHolmesDeAgraSchat	467	0	2	n	pl	MISC	Andere wijnen
ConanDoyle_SherlockHolmesDeAgraSchat	468	2	4	n	sg	OBJ	een flesch
ConanDoyle_SherlockHolmesDeAgraSchat	470	12	13	n	sg	MISC	tabaks-rook, de rook
ConanDoyle_SherlockHolmesDeAgraSchat	470	17	23	n	sg	MISC	den balsamieken geur van Oostersche tobacco
ConanDoyle_SherlockHolmesDeAgraSchat	470	21	23	n	sg	OBJ	Oostersche tobacco
ConanDoyle_SherlockHolmesDeAgraSchat	472	2	4	n	sg	OBJ	een mondstuk
ConanDoyle_SherlockHolmesDeAgraSchat	472	15	17	n	sg	OBJ	het rozenwater
ConanDoyle_SherlockHolmesDeAgraSchat	473	6	9	n	sg	MISC	een halven cirkel
ConanDoyle_SherlockHolmesDeAgraSchat	473	10	12	n	pl	PKM.uit	onze kinnen
ConanDoyle_SherlockHolmesDeAgraSchat	473	13	15	n	pl	PKM.uit	de handen
ConanDoyle_SherlockHolmesDeAgraSchat	473	30	32	n	sg	MISC	het midden
ConanDoyle_SherlockHolmesDeAgraSchat	474	5	7	n	sg	PKM.in	het besluit
ConanDoyle_SherlockHolmesDeAgraSchat	474	9	10	fm	sg	PER.misc	u
ConanDoyle_SherlockHolmesDeAgraSchat	474	10	12	n	sg	PKM.in	deze mededeeling
ConanDoyle_SherlockHolmesDeAgraSchat	474	23	25	n	sg	PKM.in	mijn adres
ConanDoyle_SherlockHolmesDeAgraSchat	474	33	35	n	sg	PKM.in	mijn verzoek
ConanDoyle_SherlockHolmesDeAgraSchat	474	39	41	fm	sg	PER.misc	vreemd volk
ConanDoyle_SherlockHolmesDeAgraSchat	475	3	5	n	sg	MISC	de vrijheid
ConanDoyle_SherlockHolmesDeAgraSchat	475	5	7	n	sg	MISC	de zaak
ConanDoyle_SherlockHolmesDeAgraSchat	476	6	8	n	sg	PKM.in	zijne discretie
ConanDoyle_SherlockHolmesDeAgraSchat	477	2	4	n	pl	MISC	deze voorzorgsmaatregelen
ConanDoyle_SherlockHolmesDeAgraSchat	477	36	38	n	sg	MISC	de aesthetica
ConanDoyle_SherlockHolmesDeAgraSchat	477	39	41	m	sg	PER.misc	een politieman
ConanDoyle_SherlockHolmesDeAgraSchat	478	2	12	n	sg	PKM.in	een natuurlijken afkeer van alle vormen van het ruwe materialisme
ConanDoyle_SherlockHolmesDeAgraSchat	478	9	12	n	sg	PKM.in	het ruwe materialisme
ConanDoyle_SherlockHolmesDeAgraSchat	479	8	11	fm	sg	PER.misc	de ruwe menigte
ConanDoyle_SherlockHolmesDeAgraSchat	480	8	12	n	sg	MISC	een eenigszins elegante atmosfeer
ConanDoyle_SherlockHolmesDeAgraSchat	481	3	7	fm	sg	PER.misc	een beschermer der kunst
ConanDoyle_SherlockHolmesDeAgraSchat	481	5	7	n	sg	PKM.in	der kunst
ConanDoyle_SherlockHolmesDeAgraSchat	482	4	6	n	sg	PKM.in	mijn zwak
ConanDoyle_SherlockHolmesDeAgraSchat	483	0	2	n	sg	OBJ	Dit landschap, een zeldzaam Corot, dit
ConanDoyle_SherlockHolmesDeAgraSchat	483	9	11	fm	sg	PER.misc	een kenner
ConanDoyle_SherlockHolmesDeAgraSchat	483	12	14	n	sg	PKM.in	eenigen twijfel
ConanDoyle_SherlockHolmesDeAgraSchat	483	17	20	n	sg	OBJ	deze Salvator Rosa
ConanDoyle_SherlockHolmesDeAgraSchat	483	25	27	n	sg	OBJ	deze Bouguereau
ConanDoyle_SherlockHolmesDeAgraSchat	484	4	8	n	sg	MISC	de moderne Fransche school
ConanDoyle_SherlockHolmesDeAgraSchat	485	21	23	n	sg	PKM.in	uw verzoek
ConanDoyle_SherlockHolmesDeAgraSchat	486	9	10	fm	pl	PER.misc	ons, we, Wij, wij, wij, wij, ons, wij, elkander
ConanDoyle_SherlockHolmesDeAgraSchat	487	21	22	n	sg	LOC.bc	Norwood, Norwood
ConanDoyle_SherlockHolmesDeAgraSchat	489	7	9	n	sg	LOC.lijn	den weg, dien, die
ConanDoyle_SherlockHolmesDeAgraSchat	493	4	6	n	pl	PKM.uit	zijn ooren
ConanDoyle_SherlockHolmesDeAgraSchat	496	10	15	n	pl	MISC	verscheidene punten in de geschiedenis, die
ConanDoyle_SherlockHolmesDeAgraSchat	497	4	6	n	pl	MISC	de feiten
ConanDoyle_SherlockHolmesDeAgraSchat	499	6	8	n	sg	PKM.in	zijn ontslag
ConanDoyle_SherlockHolmesDeAgraSchat	499	12	14	n	sg	LOC.punt	Pondicherry Lodge, Pondicherry Lodge
ConanDoyle_SherlockHolmesDeAgraSchat	500	2	3	n	sg	MISC	fortuin
ConanDoyle_SherlockHolmesDeAgraSchat	500	8	12	n	sg	MISC	een aanzienlijke som gelds
ConanDoyle_SherlockHolmesDeAgraSchat	500	13	18	n	sg	OBJ	eene groote verzameling kostbare zeldzaamheden
ConanDoyle_SherlockHolmesDeAgraSchat	500	19	25	n	sg	MISC	een gansch gevolg van Inlandsche bedienden
ConanDoyle_SherlockHolmesDeAgraSchat	501	1	3	n	pl	MISC	deze omstandigheden
ConanDoyle_SherlockHolmesDeAgraSchat	501	6	8	n	sg	OBJ	een huis
ConanDoyle_SherlockHolmesDeAgraSchat	502	0	5	m	pl	PER.fic	Mijn tweeling-broeder Bartholomeus en ik, zijn eenige kinderen, Wij, onzen, wij, ons, wij, wij, onzen, Onze, ons, ons, Mijn broeder en ik, ons, wij, ons, ons, wij, ons, ons, onze, ons, Gij, mijn zoons
ConanDoyle_SherlockHolmesDeAgraSchat	503	6	8	n	sg	MISC	de sensatie, die
ConanDoyle_SherlockHolmesDeAgraSchat	504	2	5	n	pl	MISC	de bizonderheden ervan
ConanDoyle_SherlockHolmesDeAgraSchat	504	6	8	n	pl	OBJ	de bladen
ConanDoyle_SherlockHolmesDeAgraSchat	504	27	29	n	sg	PKM.in	zijne tegenwoordigheid
ConanDoyle_SherlockHolmesDeAgraSchat	506	12	15	n	sg	PKM.in	zijn eigen hart
ConanDoyle_SherlockHolmesDeAgraSchat	506	18	19	n	sg	MISC	dat
ConanDoyle_SherlockHolmesDeAgraSchat	506	25	30	n	sg	PKM.in	het lot van Arthur Morstan
ConanDoyle_SherlockHolmesDeAgraSchat	507	5	7	n	sg	PKM.in	eenig geheim
ConanDoyle_SherlockHolmesDeAgraSchat	507	8	11	n	sg	PKM.in	eenig bepaald gevaar
ConanDoyle_SherlockHolmesDeAgraSchat	508	15	17	fm	pl	PER.misc	twee prijs-vechters, portiers van Pondicherry Lodge
ConanDoyle_SherlockHolmesDeAgraSchat	511	18	21	n	sg	PKM.in	een grooten afkeer
ConanDoyle_SherlockHolmesDeAgraSchat	511	25	29	fm	pl	PER.misc	mannen met houten beenen
ConanDoyle_SherlockHolmesDeAgraSchat	512	1	3	n	sg	MISC	zekere gelegenheid
ConanDoyle_SherlockHolmesDeAgraSchat	512	6	8	n	sg	OBJ	zijn revolver
ConanDoyle_SherlockHolmesDeAgraSchat	512	9	12	fm	sg	PER.misc	zulk een gebrekkige, die, een rustig besteller, die
ConanDoyle_SherlockHolmesDeAgraSchat	512	25	27	n	sg	MISC	een boodschap
ConanDoyle_SherlockHolmesDeAgraSchat	513	3	6	n	sg	MISC	een aanzienlijke som
ConanDoyle_SherlockHolmesDeAgraSchat	513	8	10	n	sg	MISC	de zaak, dit
ConanDoyle_SherlockHolmesDeAgraSchat	514	8	13	n	sg	PKM.in	een gril van mijn vader
ConanDoyle_SherlockHolmesDeAgraSchat	514	18	20	n	sg	PKM.in	ons oordeel
ConanDoyle_SherlockHolmesDeAgraSchat	515	8	12	n	sg	OBJ	een brief uit Indië, hem, die brief, hem
ConanDoyle_SherlockHolmesDeAgraSchat	516	4	6	n	sg	OBJ	de ontbijttafel
ConanDoyle_SherlockHolmesDeAgraSchat	517	15	17	n	sg	PKM.uit	de hand
ConanDoyle_SherlockHolmesDeAgraSchat	517	27	29	n	sg	PKM.in	krabbelend schrift
ConanDoyle_SherlockHolmesDeAgraSchat	518	33	36	n	sg	MISC	een laatste onderhoud
ConanDoyle_SherlockHolmesDeAgraSchat	519	2	4	n	sg	LOC.punt	zijn kamer
ConanDoyle_SherlockHolmesDeAgraSchat	519	9	10	n	pl	OBJ	kussens
ConanDoyle_SherlockHolmesDeAgraSchat	520	3	5	n	sg	OBJ	de deur
ConanDoyle_SherlockHolmesDeAgraSchat	520	12	17	n	sg	MISC	eene zijde van het bed
ConanDoyle_SherlockHolmesDeAgraSchat	520	15	17	n	sg	OBJ	het bed
ConanDoyle_SherlockHolmesDeAgraSchat	521	3	5	n	pl	PKM.uit	onze handen
ConanDoyle_SherlockHolmesDeAgraSchat	521	9	12	n	sg	PKM.in	een merkwaardige bekentenis, die
ConanDoyle_SherlockHolmesDeAgraSchat	521	14	16	n	sg	PKM.in	een stem, die
ConanDoyle_SherlockHolmesDeAgraSchat	521	26	28	n	pl	PKM.in	zijn lijden
ConanDoyle_SherlockHolmesDeAgraSchat	522	6	9	n	pl	PKM.in	zijn eigen woorden
ConanDoyle_SherlockHolmesDeAgraSchat	523	4	6	n	sg	MISC	éen zaak, die
ConanDoyle_SherlockHolmesDeAgraSchat	523	15	18	n	sg	MISC	dit uiterste oogenblik
ConanDoyle_SherlockHolmesDeAgraSchat	525	0	3	n	pl	PKM.in	De verwenschte gelddorst, die
ConanDoyle_SherlockHolmesDeAgraSchat	525	5	7	n	sg	PKM.in	mijn gemoed
ConanDoyle_SherlockHolmesDeAgraSchat	525	8	11	n	pl	PKM.in	mijn gansche leven
ConanDoyle_SherlockHolmesDeAgraSchat	525	16	18	n	sg	OBJ	den schat, den Agra-schat
ConanDoyle_SherlockHolmesDeAgraSchat	526	7	8	m	sg	PER.fic	zelven
ConanDoyle_SherlockHolmesDeAgraSchat	526	18	20	n	sg	PKM.in	de gierigheid
ConanDoyle_SherlockHolmesDeAgraSchat	528	1	5	n	sg	OBJ	dezen krans met paarlen, hem, hem, dezen krans
ConanDoyle_SherlockHolmesDeAgraSchat	528	8	10	n	sg	OBJ	de kinine-flesch
ConanDoyle_SherlockHolmesDeAgraSchat	529	3	4	fm	sg	PER.misc	ik, ik
ConanDoyle_SherlockHolmesDeAgraSchat	530	7	10	n	sg	MISC	een eerlijk deel
ConanDoyle_SherlockHolmesDeAgraSchat	532	3	4	fm	pl	PER.misc	menschen, die
