filename	sentno	begin	end	gender	number	mentions
Hugo_DeEllendigen	1	0	2	m	sg	EEN RECHTVAARDIGE, M. MYRIEL, de heer Charles-François-Bienvenu Myriel, bisschop van Digne, Hij, een grijsaard van omstreeks vijf en zeventig jaren, hem, hij, De heer Myriel, de zoon van een parlementslid te Aix, zijn, zijn zoon, zijn, Charles Myriel, zich, Hij, zijns, Charles Myriel, Zijn, Charles Myriel, zijn, hem, hij, hem, hij, priester, Myriel, pastoor van Brignolles, Hij, zijn, hem, hij, zich, de eerwaarde pastoor, die, de grijsaard, die eenvoudige man, die, Myriel, een eenvoudig man, ik, dezen pastoor, Myriel, hij, bisschop van Digne, Myriels, Charles Myriel, Hij, hij, bisschop, zijn, bisschop van Digne, Myriel, zijn, hij, mijnheer pastoor, Myriel, zijn, den bisschop, hem, hij, zijn, haar bisschop, DE HEER MYRIEL, MONSEIGNEUR BIENVENU, bisschop van D., heer, zijn, de bisschop, hij, hem, hij, Monseigneur, ik, de bisschop, ik, mij, mij, ik, mij, De bisschop, hij, zich, De bisschop, zijn, hij, zich, ik, ik, mijn, ik, mij, mijn, de bisschop, De heer Myriel, zijn, Myriel, bisschop, hij, hij, zijn, MIJN, de bisschop Myriel, hij, zijn, Myriel, haar broeder, haar bisschop, haar natuurlijke vriend, haar geestelijk hoofd, hem, hij, hij, de bisschop, zich, de grijsaard, de bisschop, De bisschop, hij, mijn, Monseigneur, hem, zijn, de bisschop, hij, zijn, zijner, den bisschop, deze, hij, hij, Hij, Monseigneur, hij, zich, Hij, zijn, de bisschop, hij, zijn, den heer Myriel, de bisschop, hij, den heer Myriel, de bisschop, de schatmeester van alle weldaden, de kassier van alle noodlijdenden, zijn, zijn, hij, hij, Hij, zich, den bisschop, hem, hem, hem, Ik, hij, Monseigneur, de bisschop, zijn, hij, zijn, De bisschop, Hij, hij, hij, hem, hij, hij, Zijn, hem, hem, de bisschop, ik, een armen priester, hij, Ik, ik, hij, de pastoor, hij, hij, hij, hij, hij, ik, hij, hij, hij, Hij, zich, hem, hij, hem, Uwe Hoogheid, hij, zijn, zijn, de bisschop, hij, hij, mij, mijn, zijner, zijn, De bisschop, hij, hem, neef, ge, Ik, de bisschop, ik, hij, zijn, hij, hij, de bisschop, zijn, hij, zich, hij, hij, de bisschop, hij, mij, Monseigneur, mij, de bisschop, hij, Ik, ik, hij, hem, hem, Hij, Hij, hij, hij, hij, Hij, hij, hij, hij, zich zelven, een voormalig zondaar, hij, zich, hij, hij, hij, Hij, hij, hij, de bisschop, hij, hij, De bisschop, hij, hij, den bisschop, deze, mijne, Hij, zich, zich, hij, Hij, Hij, een vader, een broeder, een vriend, bisschop, Hij, De bisschop, de bisschop, Hij, zich, zijn, zijn, Hij, hij, De bisschop, hij, hij, zijn, zijn, zijn, hij, hij, zijn, hij, zijn, Ik, den bisschop, den bisschop, hij, zich, de bisschop, hem, hij, zijn, hij, zich, hij, zich zelven, Zijn, hem, Ik, de bisschop, den heer Myriel, Hij, hem, zijn, hem, hij, Hij, zijn, hij, hij, hij, hij, Hij, Hij, hij, MONSEIGNEUR BIENVENU, ZIJN, Myriels, zijn, de bisschop van Digne, hem, hij, Zijn, hij, zich, zijn, hij, zijn, hij, zijn, hij, Een bisschop, hij, Hij, hij, hem, hem, zijn, zijn, hij, hem, hij, hij, zijn, hij, Hij, hij, hij, hij, hem, zijn, zijn, zijn, hij, hij, zijn, den bisschop, Hij, hem, zijn, hij, Hij, hij, hij, hij, zijn, hij, zijn, hem, hij, zijn, hij, zijn, de bisschop, zijner, zijn, monseigneur, de bisschop, zijn, de bisschop, hij, hij, hij, zich, zijn, zich, Hij, Hij, Hij, hij, hij, zijner, hij, hij, hem, den bisschop, den bisschop van Digne, HIJ, ZIJN, hij, De bisschop, hem, De bisschop, de bisschop, hij, Ik, mijn, hij, Zijn, hij, hij, Hij, zijn, de bisschop, zijn, Zijn, Monseigneur, hij, hij, Hij, zijn, zijn, hij, zijn, de bisschop, hij, zich, den bisschop, de bisschop, hij, hij, de bisschop, De bisschop, de bisschop, zich, hem, hij, den bisschop van Digne, hij, hij, hem, hij, den bisschop, hij, den bisschop, zijn, den bisschop, Monseigneur, ge, de bisschop, hij, den bisschop, zijn, Hij, hij, hij, hij, Hij, Hij, hij, zijn
Hugo_DeEllendigen	4	11	12	n	sg	Digne, Digne, Digne, Digne, de stad, haar, D., D., Digne, D., D., D., Digne, een stad van minder dan vier duizend inwoners, hier, Het bisdom Digne, Digne, Digne, de stad, Digne, de stad, de stad, Digne, Digne, Digne, Digne, Digne
Hugo_DeEllendigen	5	12	16	n	sg	de waardigheid van bisschop, genoemde waardigheid
Hugo_DeEllendigen	6	1	3	n	sg	deze bijzonderheid, men, deze bijzonderheid
Hugo_DeEllendigen	6	12	13	fm	pl	ons, Wij, wij, wij, Wij, Wij, wij, wij, wij, wij, ons, wij, wij
Hugo_DeEllendigen	6	9	14	n	sg	de hoofdzaak van ons verhaal
Hugo_DeEllendigen	6	12	14	n	sg	ons verhaal
Hugo_DeEllendigen	6	35	39	n	pl	de geruchten en praatjes, die
Hugo_DeEllendigen	7	0	1	n	sg	Hetgeen, het
Hugo_DeEllendigen	7	3	5	fm	pl	de menschen, hun, hun, zij
Hugo_DeEllendigen	7	20	22	n	sg	hun leven
Hugo_DeEllendigen	7	25	27	n	sg	hun levensloop
Hugo_DeEllendigen	7	29	30	n	sg	hetgeen
Hugo_DeEllendigen	8	7	11	m	sg	een parlementslid te Aix, zijn vader, zijn, hem
Hugo_DeEllendigen	8	10	11	n	sg	Aix, Aix, Aix
Hugo_DeEllendigen	8	13	17	n	sg	den adel des tabbaards
Hugo_DeEllendigen	8	15	17	n	pl	des tabbaards
Hugo_DeEllendigen	9	0	1	fm	pl	Men, men, men, men, men, men, men, men
Hugo_DeEllendigen	9	35	45	n	sg	een gebruik in de familiën der leden van het parlement, het gebruik dier som
Hugo_DeEllendigen	9	38	45	fm	pl	de familiën der leden van het parlement
Hugo_DeEllendigen	9	40	45	fm	pl	der leden van het parlement
Hugo_DeEllendigen	9	43	45	n	sg	het parlement
Hugo_DeEllendigen	10	6	8	n	sg	dezen echt
Hugo_DeEllendigen	11	10	13	n	pl	zeer goede manieren
Hugo_DeEllendigen	11	27	29	n	sg	de wereld, haar, der wereld
Hugo_DeEllendigen	11	30	32	n	pl	haar vermakelijkheden
Hugo_DeEllendigen	12	2	4	n	sg	de revolutie, der revolutie, de omwenteling, de revolutie
Hugo_DeEllendigen	12	6	10	n	sg	de eene gewichtige gebeurtenis, zich
Hugo_DeEllendigen	12	13	15	n	sg	de andere
Hugo_DeEllendigen	12	16	20	fm	pl	de familiën der parlementsleden
Hugo_DeEllendigen	13	5	9	n	sg	den aanvang der revolutie
Hugo_DeEllendigen	13	12	13	n	sg	Italië
Hugo_DeEllendigen	14	0	2	f	sg	Zijn vrouw, zij, een vrouw
Hugo_DeEllendigen	14	5	7	n	sg	een borstkwaal
Hugo_DeEllendigen	15	0	1	fm	pl	Zij
Hugo_DeEllendigen	16	6	11	n	sg	het binnenste van Charles Myriel
Hugo_DeEllendigen	17	1	7	n	sg	de vernietiging der bestaande Fransche maatschappij
Hugo_DeEllendigen	17	3	7	n	sg	der bestaande Fransche maatschappij
Hugo_DeEllendigen	17	11	14	fm	sg	zijn eigen familie, de familie Myriel, zijn familie, haar, Zijn
Hugo_DeEllendigen	17	15	20	n	pl	de treurige tooneelen van '93, ze
Hugo_DeEllendigen	17	25	27	fm	pl	de uitgewekenen, die
Hugo_DeEllendigen	17	34	36	n	sg	toenemenden angst
Hugo_DeEllendigen	17	38	43	n	pl	denkbeelden van zelfverloochening en eenzaamheid
Hugo_DeEllendigen	18	5	9	n	pl	der verstrooiingen en genietingen, die
Hugo_DeEllendigen	18	17	24	n	sg	een van die geheimzinnige en vreeselijke slagen, die
Hugo_DeEllendigen	18	27	29	m	sg	den mensch, hem, den mensch, zijn, zijn
Hugo_DeEllendigen	18	33	35	n	sg	de ziel, de ziel van den veroordeelde
Hugo_DeEllendigen	18	43	46	n	pl	de openbare rampen, ze
Hugo_DeEllendigen	18	56	58	n	sg	zijn bestaan
Hugo_DeEllendigen	18	60	62	n	sg	zijn fortuin
Hugo_DeEllendigen	19	17	18	n	sg	Frankrijk, Frankrijk, Frankrijk, Agde, den abt van Grand-Champs
Hugo_DeEllendigen	20	6	7	n	sg	Brignolles
Hugo_DeEllendigen	21	8	11	n	sg	de strengste afzondering
Hugo_DeEllendigen	22	3	5	n	sg	der kroning
Hugo_DeEllendigen	22	6	9	n	sg	een kleine zaak
Hugo_DeEllendigen	22	10	12	n	sg	zijn gemeente, de gemeente
Hugo_DeEllendigen	22	24	25	n	sg	Parijs, Parijs, Parijs
Hugo_DeEllendigen	23	1	4	fm	pl	de invloedrijke personen, die
Hugo_DeEllendigen	23	8	12	n	sg	het belang zijner gemeenteleden
Hugo_DeEllendigen	23	10	12	n	pl	zijner gemeenteleden
Hugo_DeEllendigen	23	17	20	m	sg	de kardinaal Fesch, zijn oom, den kardinaal
Hugo_DeEllendigen	24	2	4	m	sg	de Keizer, zijn, Zijne Majesteit, Napoleon, die, hem, zich, mij, Sire, gij, een groot man, de Keizer, de Keizer
Hugo_DeEllendigen	24	18	20	n	sg	de spreekkamer
Hugo_DeEllendigen	25	9	11	n	sg	zekere nieuwsgierigheid
Hugo_DeEllendigen	27	2	3	fm	pl	ons, zijn
Hugo_DeEllendigen	27	5	7	n	sg	zijn voordeel
Hugo_DeEllendigen	28	9	14	n	sg	den naam van dezen pastoor, zijn naam, Monseigneur Bienvenu, De naam, dien naam
Hugo_DeEllendigen	29	6	8	n	pl	de verhalen, die
Hugo_DeEllendigen	29	12	18	n	sg	het eerste gedeelte van Myriels leven
Hugo_DeEllendigen	31	3	5	fm	pl	weinig familiën, die
Hugo_DeEllendigen	32	3	5	n	sg	hetzelfde lot
Hugo_DeEllendigen	32	7	8	fm	sg	iedereen, die
Hugo_DeEllendigen	32	11	14	n	sg	een kleine stad, waar
Hugo_DeEllendigen	32	18	20	n	pl	veel monden, die
Hugo_DeEllendigen	32	24	27	n	pl	zeer weinig hoofden, welke
Hugo_DeEllendigen	34	6	8	n	pl	de praatjes, al deze verhalen, die
Hugo_DeEllendigen	35	23	26	n	pl	de kleine steden
Hugo_DeEllendigen	35	27	30	n	pl	de kleinsteedsche lieden
Hugo_DeEllendigen	37	7	10	f	sg	een oude vrijster
Hugo_DeEllendigen	37	11	13	f	sg	juffrouw Baptistine, zijn zuster, die, juffrouw Baptistine, juffrouw Baptistine, Juffrouw Baptistine, een lang , mager , bleek , zacht wezen, zij, Zij, haar, haar, zij, zij, haar, haar, haar, Ze, Ze, ze, ze, zijn, Zijn zuster, haar, mejuffrouw Baptistine, deze vrome maagd, haar, haar, haar, haar, Zij, zij, zich, zij, juffer Baptistine, mejuffrouw Baptistine, mejuffer Baptistine, zijn zuster, zijn zuster, zijn zuster, Zijn zuster, zijn zuster, Baptistine, Mejuffrouw Baptistine, haar, Mejuffrouw Baptistines, zij, zij, mejuffrouw Baptistine
Hugo_DeEllendigen	38	0	1	fm	pl	Hun, hen
Hugo_DeEllendigen	38	0	3	f	sg	Hun eenige dienstbode, een vrouw, juffrouw Magloire, die, de meid van den eerwaarden pastoor, kamenier van juffrouw Baptistine, huishoudster van mijnheer pastoor
Hugo_DeEllendigen	38	24	27	m	sg	den eerwaarden pastoor
Hugo_DeEllendigen	38	32	35	n	sg	den dubbelen titel
Hugo_DeEllendigen	39	15	17	n	sg	het ideaal
Hugo_DeEllendigen	39	19	24	n	sg	"het woord "" eerbiedwaardig "", zich"
Hugo_DeEllendigen	39	29	30	fm	sg	mij, Ik, den schrijver van dit boek
Hugo_DeEllendigen	39	38	41	n	sg	""" eerwaardig """
Hugo_DeEllendigen	40	6	9	n	sg	haar geheele leven, dat
Hugo_DeEllendigen	40	12	17	n	sg	een reeks van heilige werken
Hugo_DeEllendigen	40	21	27	n	sg	een waas van reinheid en helderheid
Hugo_DeEllendigen	40	41	46	n	sg	de schoonheid van de goedheid
Hugo_DeEllendigen	41	2	4	n	sg	haar jeugd
Hugo_DeEllendigen	41	4	5	n	sg	magerheid
Hugo_DeEllendigen	41	13	14	n	sg	doorschijnendheid, deze laatste eigenschap
Hugo_DeEllendigen	41	23	25	fm	sg	een engel
Hugo_DeEllendigen	42	3	5	n	sg	een ziel
Hugo_DeEllendigen	42	6	8	fm	sg	een maagd
Hugo_DeEllendigen	43	21	25	n	sg	een weinig bezielde stof
Hugo_DeEllendigen	43	27	29	n	pl	groote oogen, die
Hugo_DeEllendigen	43	35	37	n	sg	een voorwendsel
Hugo_DeEllendigen	43	38	40	n	sg	een ziel
Hugo_DeEllendigen	43	42	43	n	sg	aarde, de aarde
Hugo_DeEllendigen	44	0	2	f	sg	Juffrouw Magloire, een klein oud vrouwtje, haar, haar, de dienstbode, Magloire, Magloire, ik, Magloire, gij, Magloire, Magloire, Magloire, Magloire, een verschrikkelijk leven, Magloire, Magloire, haar, haar, Magloire, Magloire, Magloire, Magloire, Magloire, Magloire, Magloire, Magloire, Magloire, Gij, u, Magloire
Hugo_DeEllendigen	44	21	23	n	sg	haar bedrijvigheid
Hugo_DeEllendigen	44	28	30	n	sg	haar asthma
Hugo_DeEllendigen	45	6	9	n	sg	zijn bisschoppelijk paleis, Het Bisschoppelijk paleis te D., Het Bisschoppelijk paleis, een groot , fraai hôtel, Dit paleis, een wezenlijk vorstelijke woning, het bisschoppelijk paleis
Hugo_DeEllendigen	45	11	13	n	pl	de eerbewijzingen
Hugo_DeEllendigen	45	16	19	n	pl	de Keizerlijke wetten, die
Hugo_DeEllendigen	45	25	27	fm	sg	den veldmaarschalk
Hugo_DeEllendigen	46	0	2	fm	sg	De burgemeester
Hugo_DeEllendigen	46	3	5	fm	sg	de president
Hugo_DeEllendigen	46	7	10	n	sg	de eerste visite
Hugo_DeEllendigen	46	21	23	fm	sg	den generaal, den generaal
Hugo_DeEllendigen	46	24	26	fm	sg	den prefekt, den prefect
Hugo_DeEllendigen	47	14	16	n	pl	de handen
Hugo_DeEllendigen	47	17	19	n	sg	het werk
Hugo_DeEllendigen	50	7	9	n	sg	het gasthuis
Hugo_DeEllendigen	51	18	21	m	sg	Monseigneur Henri Puget, docter in de theologie bij de faculteit van Parijs, abt van Simore, Monseigneur Henri Puget, Monseigneur, Monseigneur
Hugo_DeEllendigen	51	24	26	n	sg	de theologie
Hugo_DeEllendigen	51	34	35	n	sg	Simore, die
Hugo_DeEllendigen	53	7	10	n	pl	de bisschoppelijke vertrekken
Hugo_DeEllendigen	53	11	13	n	pl	de salons
Hugo_DeEllendigen	53	14	16	n	pl	de kamers, de kamers van het huis, De kamers
Hugo_DeEllendigen	53	17	19	n	sg	het eerplein, dat
Hugo_DeEllendigen	53	27	31	n	sg	den ouden Florentijnschen stijl
Hugo_DeEllendigen	53	34	35	n	pl	tuinen
Hugo_DeEllendigen	54	1	3	n	sg	de eetzaal, een lange prachtige galerij, deze zaal, de groote beneden-eetzaal, deze zaal, de eetzaal van Monseigneur, de zaal, ze, Het eerste vertrek, dat, eetzaal, de eetzaal, de eetzaal, de eetzaal
Hugo_DeEllendigen	54	12	14	n	sg	den tuin, de tuin, den tuin, den tuin, den tuin, den tuin, De tuin, die, den tuin, den tuin
Hugo_DeEllendigen	54	24	27	n	sg	een plechtigen maaltijd
Hugo_DeEllendigen	54	31	35	m	sg	Charles Brûlart de Genlis, prins-aartsbisschop van Embrun
Hugo_DeEllendigen	54	38	39	n	sg	Embrun, Embrun
Hugo_DeEllendigen	54	40	43	m	sg	Antoine de Mesgrigny, kapucijn en bisschop van Grasse
Hugo_DeEllendigen	54	48	49	m	sg	Grasse
Hugo_DeEllendigen	54	50	53	m	sg	Philippe de Vendôme, groot-prior van Frankrijk, abt van St. Honoré de Lerins
Hugo_DeEllendigen	54	60	64	n	sg	St. Honoré de Lerins
Hugo_DeEllendigen	54	65	70	m	sg	François de Berton de Grillon, bisschop en baron van Vence
Hugo_DeEllendigen	54	75	76	n	sg	Vence
Hugo_DeEllendigen	54	77	82	m	sg	César de Sabran de Forcalquier, bisschop en heer van Glandève
Hugo_DeEllendigen	54	87	88	n	sg	Glandève
Hugo_DeEllendigen	54	90	92	m	sg	Jean Soanen, priester van het oratorium, gewoon hofprediker, bisschop, heer van Senez
Hugo_DeEllendigen	54	95	97	n	sg	het oratorium
Hugo_DeEllendigen	54	106	107	n	sg	Senez, Senez, een oude bisschoppelijke stad, der stad
Hugo_DeEllendigen	55	0	7	n	pl	De portretten van deze zeven hoogeerwaarde personages
Hugo_DeEllendigen	55	3	7	fm	pl	deze zeven hoogeerwaarde personages
Hugo_DeEllendigen	55	25	29	n	sg	een wit marmeren blad
Hugo_DeEllendigen	56	0	2	n	sg	Het hospitaal, een eng , laag gebouw, het hospitaal, het hospitaal, het hospitaal, het hospitaal, het hospitaal, het hospitaal, het hospitaal, het hospitaal, een hospitaal
Hugo_DeEllendigen	56	11	13	n	sg	één verdieping
Hugo_DeEllendigen	56	15	18	n	sg	een kleinen tuin
Hugo_DeEllendigen	58	6	8	m	sg	den directeur, Mijnheer de directeur, hem, ge, de directeur, de directeur, den hospitaal-directeur, ge, mijnheer, de directeur, mijnheer de directeur, u, Gij, u, gij, uwe, u
Hugo_DeEllendigen	62	1	3	n	pl	De bedden, elkander, de bedden
Hugo_DeEllendigen	64	1	3	n	pl	De zalen, kamers, ze
Hugo_DeEllendigen	66	4	6	n	sg	de zon, de zon
Hugo_DeEllendigen	66	14	16	fm	pl	de herstellenden
Hugo_DeEllendigen	68	7	8	fm	pl	wij, wij, wij, wij
Hugo_DeEllendigen	68	8	10	n	sg	den typhus
Hugo_DeEllendigen	68	14	16	n	sg	de zweetkoorts
Hugo_DeEllendigen	70	3	4	fm	pl	men, men
Hugo_DeEllendigen	70	16	17	fm	pl	zich
Hugo_DeEllendigen	71	0	2	n	sg	Dit gesprek
Hugo_DeEllendigen	75	3	5	n	sg	zijn blik, zijn blik
Hugo_DeEllendigen	75	13	15	n	pl	de oogen
Hugo_DeEllendigen	75	18	20	n	sg	de ruimte
Hugo_DeEllendigen	77	3	5	n	sg	een vergissing, een vergissing
Hugo_DeEllendigen	78	5	10	n	pl	vijf of zes kleine kamers
Hugo_DeEllendigen	79	0	1	fm	pl	Wij, ons drieën
Hugo_DeEllendigen	79	22	24	n	sg	mijn woning, mijn huis, MIJN HUIS, zijn huis, der bisschoppelijke woning, de nederige woning, zijn paleis, zijn huis, zijn huis, der woning van den bisschop van Digne, ZIJN HUIS, Het huis, dat, het huis, het huis, dit huis, zich, deze woning, die, Het huis
Hugo_DeEllendigen	79	27	29	n	sg	de uwe, dit
Hugo_DeEllendigen	81	4	8	fm	pl	de zes-en-twintig arme zieken
Hugo_DeEllendigen	82	13	15	n	pl	haar bezittingen
Hugo_DeEllendigen	83	3	8	n	sg	een lijfrente van vijfhonderd francs, die, het jaargeld van juffer Baptistine
Hugo_DeEllendigen	83	11	13	n	sg	de pastorie
Hugo_DeEllendigen	83	14	17	n	pl	haar persoonlijke behoeften
Hugo_DeEllendigen	84	5	7	n	sg	den staat
Hugo_DeEllendigen	84	7	13	n	sg	een inkomen van vijftien duizend francs, dier som
Hugo_DeEllendigen	85	20	23	n	sg	de volgende wijze, eene andere wijze, een ongewone en eigenaardige wijze
Hugo_DeEllendigen	86	3	5	n	sg	een nota, NOTA TER REGELING DER UITGAVEN VAN MIJN HUIS, deze regeling
Hugo_DeEllendigen	86	7	10	n	sg	zijn eigen hand
Hugo_DeEllendigen	87	2	8	n	sg	REGELING DER UITGAVEN VAN MIJN HUIS, regeling der uitgaven van zijn huis, Deze schikking
Hugo_DeEllendigen	88	1	4	n	sg	het kleine Seminarie
Hugo_DeEllendigen	88	13	16	n	sg	Lazaristen van Montdidier
Hugo_DeEllendigen	88	19	24	n	sg	het Seminarie der vreemde missiën
Hugo_DeEllendigen	88	29	35	n	sg	de Congregatie van den H. Geest
Hugo_DeEllendigen	88	39	45	n	pl	geestelijke gestichten in het H. Land
Hugo_DeEllendigen	88	49	55	n	pl	genootschappen voor de verpleging van kraamvrouwen
Hugo_DeEllendigen	88	59	62	n	sg	dat te Arles
Hugo_DeEllendigen	88	65	71	n	sg	het genootschap ter verbetering der gevangenissen
Hugo_DeEllendigen	88	78	79	fm	pl	gevangenen
Hugo_DeEllendigen	88	84	88	fm	pl	voor schulden gegijzelde huisvaders
Hugo_DeEllendigen	88	93	101	n	sg	het traktement van arme schoolmeesters in het bisdom
Hugo_DeEllendigen	88	104	108	n	sg	het graanmagazijn der Hautes-Alpes
Hugo_DeEllendigen	88	111	117	n	sg	de Congegratie der dames van Digne
Hugo_DeEllendigen	88	119	120	n	sg	Manosque
Hugo_DeEllendigen	88	122	123	n	sg	Sisteron
Hugo_DeEllendigen	88	125	131	n	sg	het gratis onderwijs aan behoeftige meisjes
Hugo_DeEllendigen	88	134	136	fm	pl	de armen
Hugo_DeEllendigen	88	139	143	n	pl	uitgaven voor mijn persoon
Hugo_DeEllendigen	89	4	8	n	sg	den zetel te D.
Hugo_DeEllendigen	90	0	1	m	sg	Hij, men
Hugo_DeEllendigen	97	5	9	fm	pl	de beide oude vrouwen, De beide oude vrouwen, haar, der beide oude vrouwen, die, haar, der vrouwen, zich, de beide vrouwen, zich, haar, De beide vrouwen, andere vrome vrouwen van Digne, twee vrouwen
Hugo_DeEllendigen	98	2	6	m	sg	een dorpspastoor te D., hem
Hugo_DeEllendigen	98	13	18	n	sg	de strenge zuinigheid van Magloire
Hugo_DeEllendigen	98	19	25	n	sg	het schrander huisbestuur van mejuffrouw Baptistine
Hugo_DeEllendigen	100	6	8	n	pl	mijn financiën
Hugo_DeEllendigen	101	16	18	n	pl	de gelden, welke, die
Hugo_DeEllendigen	101	21	23	n	sg	het departement, het departement
Hugo_DeEllendigen	101	27	29	n	sg	zijn equipage, Equipagekosten, die, equipage, zijn equipage
Hugo_DeEllendigen	101	31	36	n	pl	de reizen in het bisdom, deze tochten
Hugo_DeEllendigen	101	34	36	n	sg	het bisdom, het bisdom, zijn
Hugo_DeEllendigen	102	0	3	fm	pl	De vorige bisschoppen, de anderen, de vorige bisschoppen, de bisschoppen, hun, hunner
Hugo_DeEllendigen	103	19	21	n	sg	zijn rekening, zijner vordering
Hugo_DeEllendigen	104	4	10	n	sg	de algemeene raad van het departement
Hugo_DeEllendigen	104	18	25	n	sg	een jaarlijksche som van drie duizend francs
Hugo_DeEllendigen	104	27	31	n	pl	de kosten van rijtuig, de kosten van een nieuw gordijn
Hugo_DeEllendigen	104	33	37	n	sg	vergoeding der herderlijke reizen
Hugo_DeEllendigen	105	0	4	fm	sg	De burgerij der plaats
Hugo_DeEllendigen	105	12	14	n	sg	deze gelegenheid
Hugo_DeEllendigen	105	15	20	fm	sg	een senator van het Keizerrijk, oud lid van den raad der vijfhonderd, die, een begunstiger van den 18en Brumaire, mij, ik
Hugo_DeEllendigen	105	18	20	n	sg	het Keizerrijk
Hugo_DeEllendigen	105	24	28	n	sg	den raad der vijfhonderd
Hugo_DeEllendigen	105	33	35	n	pl	den 18en
Hugo_DeEllendigen	105	35	36	n	sg	Brumaire
Hugo_DeEllendigen	105	41	45	n	sg	de nabuurschap van Digne
Hugo_DeEllendigen	105	46	49	n	sg	een heerlijk landgoed
Hugo_DeEllendigen	105	54	58	m	sg	den minister van Eeredienst, Bigot de Préameneu, Mijnheer de graaf
Hugo_DeEllendigen	105	63	67	n	sg	een kwaadaardig vertrouwelijk schrijven, waaraan
Hugo_DeEllendigen	105	70	74	m	pl	de volgende authentieke regelen
Hugo_DeEllendigen	107	0	1	n	pl	Reiskosten
Hugo_DeEllendigen	107	11	12	fm	sg	men, Men
Hugo_DeEllendigen	107	13	14	n	sg	extra-rijtuig, extra-rijtuig
Hugo_DeEllendigen	107	15	18	n	pl	deze bergachtige streken
Hugo_DeEllendigen	109	4	6	n	sg	de Durance
Hugo_DeEllendigen	109	1	8	n	sg	de brug over de Durance bij Château-Arnoux
Hugo_DeEllendigen	109	7	8	n	sg	Château-Arnoux
Hugo_DeEllendigen	110	1	3	fm	pl	deze priesters
Hugo_DeEllendigen	114	2	4	n	sg	dat priesterras
Hugo_DeEllendigen	115	4	6	n	pl	de zaken
Hugo_DeEllendigen	115	16	17	fm	pl	ons
Hugo_DeEllendigen	115	18	20	n	pl	de papen
Hugo_DeEllendigen	116	2	4	m	sg	den Paus
Hugo_DeEllendigen	117	5	7	n	pl	de zaken
Hugo_DeEllendigen	117	8	9	n	sg	Rome
Hugo_DeEllendigen	117	21	22	m	sg	Cesar
Hugo_DeEllendigen	118	6	8	n	sg	de zaak
Hugo_DeEllendigen	118	20	24	n	sg	de zorg voor anderen
Hugo_DeEllendigen	119	3	5	n	pl	zijn liefdegiften
Hugo_DeEllendigen	119	10	11	fm	pl	wij, ons
Hugo_DeEllendigen	120	5	8	n	sg	de volgende nota, welke
Hugo_DeEllendigen	121	0	3	n	pl	EQUIPAGE EN REISKOSTEN
Hugo_DeEllendigen	122	1	9	n	sg	bouillon ten dienste der zieken in het hospitaal
Hugo_DeEllendigen	122	12	20	n	sg	het genootschap ter verpleging van kraamvrouwen te Aix
Hugo_DeEllendigen	122	23	29	n	sg	het genootschap ter verpleging van kraamvrouwen
Hugo_DeEllendigen	123	1	2	n	pl	Draguignan
Hugo_DeEllendigen	123	5	7	fm	pl	de vondelingen
Hugo_DeEllendigen	123	10	12	fm	pl	de weezen
Hugo_DeEllendigen	124	2	8	n	sg	het budget van den heer Myriel
Hugo_DeEllendigen	125	1	4	n	pl	de bisschoppelijke inkomsten, ze, ze
Hugo_DeEllendigen	125	6	9	n	sg	afkooping van geboden
Hugo_DeEllendigen	125	10	11	n	pl	dispensatiën
Hugo_DeEllendigen	125	12	13	n	pl	doopplechtigheden
Hugo_DeEllendigen	125	14	15	n	pl	predikatiën
Hugo_DeEllendigen	125	16	17	n	pl	kerkwijdingen
Hugo_DeEllendigen	125	18	19	n	pl	huwelijken
Hugo_DeEllendigen	125	28	30	fm	pl	de rijken, Rijken, de eersten, de rijken
Hugo_DeEllendigen	125	34	36	fm	pl	den armen, armen, de laatsten, de arme lieden, zij, zij, den armen
Hugo_DeEllendigen	126	4	6	n	pl	de geldoffers
Hugo_DeEllendigen	127	6	12	n	sg	de deur van den heer Myriel, de deur der bisschoppelijke woning, de deur, De deur der eetkamer
Hugo_DeEllendigen	127	16	18	n	pl	de aalmoezen
Hugo_DeEllendigen	129	0	2	n	pl	Aanzienlijke sommen
Hugo_DeEllendigen	129	4	6	n	pl	zijn handen
Hugo_DeEllendigen	129	12	14	n	sg	zijn levenswijze
Hugo_DeEllendigen	129	18	20	n	sg	het noodige
Hugo_DeEllendigen	129	20	23	n	sg	de geringste overtolligheid
Hugo_DeEllendigen	131	35	38	n	sg	een uitgedroogd land
Hugo_DeEllendigen	133	5	7	n	pl	hun doopnamen
Hugo_DeEllendigen	133	10	12	n	pl	hunner mandementen
Hugo_DeEllendigen	133	8	15	n	sg	't hoofd hunner mandementen en herderlijke brieven
Hugo_DeEllendigen	133	13	15	n	pl	herderlijke brieven
Hugo_DeEllendigen	134	5	7	n	sg	dier streek
Hugo_DeEllendigen	134	9	13	n	sg	een gevoel van dankbaarheid
Hugo_DeEllendigen	134	16	18	n	pl	de namen
Hugo_DeEllendigen	134	19	20	n	pl	voornamen
Hugo_DeEllendigen	134	23	24	n	sg	dien, waarin
Hugo_DeEllendigen	134	28	30	n	sg	een beteekenis
Hugo_DeEllendigen	134	36	38	n	sg	de wandeling
Hugo_DeEllendigen	138	1	2	n	sg	Bienvenu
Hugo_DeEllendigen	139	5	7	n	sg	het portret, 't, het, het portret van den abt van Grand-Champs
Hugo_DeEllendigen	141	0	3	m	sg	EEN GOEDE BISSCHOP
Hugo_DeEllendigen	141	4	7	n	sg	EEN MOEIELIJK AMBT
Hugo_DeEllendigen	142	6	7	n	pl	aalmoezen
Hugo_DeEllendigen	142	13	15	n	pl	zijn rondreizen, deze rondreizen
Hugo_DeEllendigen	144	18	20	n	pl	twee-en-dertig pastorieën
Hugo_DeEllendigen	144	21	23	n	pl	één-en-veertig vicariaten
Hugo_DeEllendigen	144	24	27	n	pl	tweehonderd vijf-en-tachtig kapellen
Hugo_DeEllendigen	145	2	5	n	sg	een zware taak, die
Hugo_DeEllendigen	147	15	17	n	sg	een karretje
Hugo_DeEllendigen	147	18	20	n	sg	de vlakte
Hugo_DeEllendigen	147	23	25	n	sg	een bergrijtuigje
Hugo_DeEllendigen	149	14	16	n	sg	een ezel, den ezel
Hugo_DeEllendigen	150	0	2	n	sg	Zijn beurs, die
Hugo_DeEllendigen	151	0	4	fm	sg	De maire der stad, hem, Mijnheer de maire, u, ge, u
Hugo_DeEllendigen	151	16	19	n	pl	oogen vol ergernis
Hugo_DeEllendigen	152	0	2	fm	pl	Eenige burgers, die, heeren burgers
Hugo_DeEllendigen	153	38	40	n	sg	onzen Heiland
Hugo_DeEllendigen	155	4	5	m	sg	hij, hij, hij, zich, Hij, zijn, hij, men, hij, de ijdelheid
Hugo_DeEllendigen	155	17	19	fm	pl	de menschen
Hugo_DeEllendigen	156	2	4	n	pl	zijn betoogen
Hugo_DeEllendigen	156	5	6	n	pl	vergelijkingen
Hugo_DeEllendigen	157	0	5	fm	pl	De inwoners der eene buurt
Hugo_DeEllendigen	157	2	5	n	sg	der eene buurt
Hugo_DeEllendigen	157	8	13	n	sg	voorbeeld van die der andere
Hugo_DeEllendigen	157	10	13	n	sg	die der andere
Hugo_DeEllendigen	158	1	2	n	pl	streken, waar
Hugo_DeEllendigen	158	7	9	fm	pl	de behoeftigen
Hugo_DeEllendigen	158	16	20	fm	pl	de lieden van Briançon, Zij, Zij, de lieden van Embrun
Hugo_DeEllendigen	158	19	20	n	sg	Briançon
Hugo_DeEllendigen	159	3	5	fm	pl	de noodlijdenden
Hugo_DeEllendigen	159	7	9	fm	pl	de weduwen
Hugo_DeEllendigen	159	10	11	fm	pl	weezen
Hugo_DeEllendigen	159	11	13	n	sg	het recht
Hugo_DeEllendigen	159	23	24	fm	pl	hun, hun
Hugo_DeEllendigen	159	23	25	n	pl	hun weilanden
Hugo_DeEllendigen	160	3	5	n	pl	hun woningen
Hugo_DeEllendigen	161	2	3	n	sg	dit, een door God gezegend land
Hugo_DeEllendigen	161	6	7	m	sg	God, God, God, God, God, God, God, God, God, de mensch Vader, God
Hugo_DeEllendigen	163	1	2	n	pl	dorpen, die, de dorpen
Hugo_DeEllendigen	164	1	3	m	sg	een huisvader, zijn, zijn, hij, hem
Hugo_DeEllendigen	164	6	8	fm	pl	zijn zonen
Hugo_DeEllendigen	164	9	11	n	sg	het leger
Hugo_DeEllendigen	164	12	14	fm	pl	zijn dochters
Hugo_DeEllendigen	164	15	17	n	sg	de stad
Hugo_DeEllendigen	164	36	38	n	sg	den kansel
Hugo_DeEllendigen	164	44	46	n	sg	des Zondags
Hugo_DeEllendigen	164	48	50	n	sg	de mis, de mis, de mis
Hugo_DeEllendigen	164	63	69	n	sg	den akker van den armen man
Hugo_DeEllendigen	164	66	69	m	sg	den armen man, hem, zijn
Hugo_DeEllendigen	164	81	83	n	sg	zijn schuur
Hugo_DeEllendigen	165	2	3	n	pl	families, die
Hugo_DeEllendigen	165	17	21	fm	pl	de bergbewoners van Devolny, men
Hugo_DeEllendigen	165	20	21	n	sg	Devolny, een land
Hugo_DeEllendigen	165	32	34	n	sg	een nachtegaal
Hugo_DeEllendigen	166	3	5	m	sg	de vader
Hugo_DeEllendigen	166	6	8	n	sg	een gezin
Hugo_DeEllendigen	166	11	13	fm	pl	de jongens, hun
Hugo_DeEllendigen	166	17	19	n	sg	het goed
Hugo_DeEllendigen	166	20	22	fm	pl	hun zusters, dezen, de pachters, zich
Hugo_DeEllendigen	167	2	3	n	pl	districten, waar
Hugo_DeEllendigen	167	5	6	fm	sg	men
Hugo_DeEllendigen	167	22	28	fm	pl	de goede landlieden der vallei Queyras, Zij, Men, men, de inwoners van Queyras, zij, de lieden van Queyras
Hugo_DeEllendigen	167	25	28	fm	sg	der vallei Queyras, Queyras, Queyras
Hugo_DeEllendigen	168	2	5	n	pl	drie duizend zielen
Hugo_DeEllendigen	168	10	13	n	sg	een kleine republiek
Hugo_DeEllendigen	170	0	2	m	sg	De maire, Hij, zijn, hem, hij, een rechtvaardig man onder eenvoudige menschen
Hugo_DeEllendigen	171	2	4	n	pl	de belastingen
Hugo_DeEllendigen	171	8	10	n	sg	zijn beste
Hugo_DeEllendigen	171	18	20	n	pl	de erfenissen
Hugo_DeEllendigen	171	25	26	n	pl	vonnissen
Hugo_DeEllendigen	172	2	4	n	pl	de dorpen, waar
Hugo_DeEllendigen	173	2	3	fm	sg	ge
Hugo_DeEllendigen	174	2	10	n	sg	een klein oord van twaalf of vijftien gezinnen
Hugo_DeEllendigen	174	12	14	fm	sg	een onderwijzer
Hugo_DeEllendigen	174	19	20	fm	sg	men
Hugo_DeEllendigen	174	20	21	fm	pl	schoolmeesters, welke, die, Deze onderwijzers, hen, ze, zij, hun
Hugo_DeEllendigen	174	24	27	n	sg	de geheele vallei
Hugo_DeEllendigen	175	4	6	n	pl	de jaarmarkten, waar
Hugo_DeEllendigen	176	0	1	fm	sg	Men
Hugo_DeEllendigen	176	4	6	n	pl	de schrijfpennen, welke
Hugo_DeEllendigen	176	10	15	n	sg	het lint van hun hoed
Hugo_DeEllendigen	176	13	15	n	sg	hun hoed
Hugo_DeEllendigen	177	0	1	fm	pl	Zij, die
Hugo_DeEllendigen	177	7	9	n	sg	één pen
Hugo_DeEllendigen	177	10	11	fm	pl	zij, die
Hugo_DeEllendigen	177	21	23	n	pl	twee pennen
Hugo_DeEllendigen	177	24	25	fm	pl	zij, die, Deze laatsten, groote geleerden
Hugo_DeEllendigen	177	34	36	n	pl	drie pennen
Hugo_DeEllendigen	181	14	15	n	pl	gelijkenissen, die
Hugo_DeEllendigen	181	19	21	n	sg	het doel
Hugo_DeEllendigen	181	28	30	n	pl	veel beelden
Hugo_DeEllendigen	182	2	7	n	sg	de welsprekendheid van Jezus Christus
Hugo_DeEllendigen	182	5	7	m	sg	Jezus Christus
Hugo_DeEllendigen	184	0	2	n	pl	DE WERKEN
Hugo_DeEllendigen	184	3	5	n	pl	DE WOORDEN
Hugo_DeEllendigen	185	1	3	n	sg	den omgang
Hugo_DeEllendigen	186	4	10	n	sg	de bevatting der beide oude vrouwen
Hugo_DeEllendigen	186	24	30	n	sg	de hartelijke lach van den knaap
Hugo_DeEllendigen	186	28	30	m	sg	den knaap
Hugo_DeEllendigen	188	7	9	n	sg	zijn stoel
Hugo_DeEllendigen	188	12	14	n	sg	zijn bibliotheek, een geheele kerkelijke bibliotheek, de bibliotheek, De bibliotheek
Hugo_DeEllendigen	188	14	16	n	sg	een boek, Dat boek, het boek der koningen
Hugo_DeEllendigen	189	4	8	n	sg	eene der hoogste planken, deze plank
Hugo_DeEllendigen	191	10	12	n	sg	een stoel
Hugo_DeEllendigen	191	13	15	n	sg	mijn grootheid
Hugo_DeEllendigen	192	0	4	fm	sg	Een zijner verre verwanten
Hugo_DeEllendigen	192	5	10	f	sg	mevrouw de gravin de Lô, zij, haar, Zij, haar, mevrouw de Lô, zij
Hugo_DeEllendigen	192	13	15	n	sg	een gelegenheid, deze gelegenheid
Hugo_DeEllendigen	192	27	29	n	pl	de vooruitzichten
Hugo_DeEllendigen	192	31	34	fm	pl	haar drie zonen
Hugo_DeEllendigen	193	4	6	fm	pl	oude bloedverwanten
Hugo_DeEllendigen	193	9	11	fm	pl	haar zoons, de erfgenamen, de drie
Hugo_DeEllendigen	194	0	5	fm	sg	De jongste van de drie
Hugo_DeEllendigen	194	7	9	f	sg	een oudtante
Hugo_DeEllendigen	194	9	13	n	pl	honderd duizend francs rente
Hugo_DeEllendigen	194	15	17	n	sg	de tweede
Hugo_DeEllendigen	194	19	21	m	sg	een oom
Hugo_DeEllendigen	194	21	23	n	sg	den hertogstitel
Hugo_DeEllendigen	194	25	27	fm	sg	de oudste, zijn
Hugo_DeEllendigen	194	28	30	m	sg	zijn grootvader
Hugo_DeEllendigen	194	31	33	n	sg	het pairschap
Hugo_DeEllendigen	195	6	12	n	pl	deze onschuldige en verschoonbare moederlijke uitweidingen
Hugo_DeEllendigen	197	39	41	n	sg	St. Augustinus
Hugo_DeEllendigen	197	47	48	fm	sg	uw, ge
Hugo_DeEllendigen	197	47	49	n	sg	uw hoop
Hugo_DeEllendigen	197	50	51	m	sg	hem
Hugo_DeEllendigen	198	5	7	n	sg	een brief, waarin
Hugo_DeEllendigen	198	12	14	m	sg	een edelman, den overledene, hem
Hugo_DeEllendigen	198	15	17	n	sg	het gewest
Hugo_DeEllendigen	198	24	29	n	pl	de waardigheden van den overledene
Hugo_DeEllendigen	198	37	40	fm	sg	zijn geheele familie
Hugo_DeEllendigen	199	2	5	n	sg	een breeden rug
Hugo_DeEllendigen	199	7	9	n	sg	de dood, den dood, de dood, een afgrond, welks, den dood, die, de dood, dit onbekende
Hugo_DeEllendigen	200	2	7	n	sg	een verbazenden last van titels
Hugo_DeEllendigen	200	8	9	fm	sg	men
Hugo_DeEllendigen	200	13	15	n	sg	hoeveel geest, de geest Gods, een tuin
Hugo_DeEllendigen	200	16	18	fm	pl	de menschen
Hugo_DeEllendigen	200	21	23	n	sg	het graf
Hugo_DeEllendigen	201	5	7	n	sg	vriendelijke scherts, die
Hugo_DeEllendigen	201	11	14	n	sg	een ernstigen zin
Hugo_DeEllendigen	202	1	3	n	pl	de vasten
Hugo_DeEllendigen	202	4	7	m	sg	een jonge kapelaan, Hij, Zijn, hij, hij, hij, zijn, zich, Hij, Géborand, zijn, Géborand, hij, hem, mijnheer Géborand
Hugo_DeEllendigen	202	12	14	n	sg	de hoofdkerk
Hugo_DeEllendigen	204	0	2	n	sg	Zijn preek
Hugo_DeEllendigen	204	3	5	n	sg	de liefdadigheid, de liefdadigheid
Hugo_DeEllendigen	205	0	2	fm	pl	De rijken
Hugo_DeEllendigen	205	7	9	fm	pl	de armen
Hugo_DeEllendigen	205	15	17	n	sg	de hel
Hugo_DeEllendigen	205	29	31	n	sg	den hemel, den hemel, den hemel
Hugo_DeEllendigen	206	1	3	n	sg	zijn gehoor
Hugo_DeEllendigen	206	5	8	m	sg	een rijk koopman, die, zich
Hugo_DeEllendigen	206	12	14	n	pl	de zaken
Hugo_DeEllendigen	206	18	21	n	sg	een kleinen woekerhandel
Hugo_DeEllendigen	207	9	11	n	sg	grof laken
Hugo_DeEllendigen	207	12	13	n	sg	sergie
Hugo_DeEllendigen	207	14	16	n	pl	dergelijke stoffen
Hugo_DeEllendigen	208	1	4	n	sg	zijn geheele leven
Hugo_DeEllendigen	208	9	11	n	sg	een ongelukkige
Hugo_DeEllendigen	209	1	3	n	sg	deze predikatie
Hugo_DeEllendigen	209	5	6	fm	sg	men
Hugo_DeEllendigen	209	12	14	n	sg	een stuiver, een stuiver
Hugo_DeEllendigen	209	15	21	fm	sg	de oude bedelaarsters in het kerkportaal
Hugo_DeEllendigen	209	19	21	n	sg	het kerkportaal
Hugo_DeEllendigen	210	0	6	n	sg	Het recht van daar te staan
Hugo_DeEllendigen	210	8	11	fm	pl	zes arme vrouwen
Hugo_DeEllendigen	211	5	7	n	sg	die aalmoes
Hugo_DeEllendigen	212	18	19	n	pl	woorden, die
Hugo_DeEllendigen	213	4	6	n	sg	een gezelschap
Hugo_DeEllendigen	213	7	9	n	pl	de armen, de armen, de armen, de armen
Hugo_DeEllendigen	213	12	13	m	sg	zich, de markies de Champtercier, een oude rijke vrek, die, ultra-royalist, ultra-Voltairiaan, hem, hem, Mijnheer de markies, ge, De markies, zich, ik, mijn
Hugo_DeEllendigen	214	0	2	n	pl	Zulke zeldzaamheden
Hugo_DeEllendigen	215	10	12	n	sg	den arm
Hugo_DeEllendigen	216	15	17	n	pl	mijn armen, ze
Hugo_DeEllendigen	218	6	8	n	sg	de kathedraal
Hugo_DeEllendigen	218	8	11	n	sg	de volgende preek
Hugo_DeEllendigen	218	13	15	fm	sg	Geliefde broeders, u, Broeders, u
Hugo_DeEllendigen	218	16	18	fm	pl	goede vrienden
Hugo_DeEllendigen	219	3	9	n	pl	één millioen driehonderd twintig duizend boerenhuizen
Hugo_DeEllendigen	219	11	13	n	pl	drie openingen
Hugo_DeEllendigen	219	14	19	n	sg	één millioen achthonderd zeventien duizend
Hugo_DeEllendigen	219	21	22	n	sg	twee
Hugo_DeEllendigen	219	23	25	n	sg	de deur
Hugo_DeEllendigen	219	26	28	n	sg	het venster
Hugo_DeEllendigen	219	31	35	n	pl	driehonderd zes-en-veertig duizend hutten
Hugo_DeEllendigen	219	37	39	n	sg	één opening
Hugo_DeEllendigen	219	40	42	n	sg	de deur
Hugo_DeEllendigen	220	0	2	n	sg	De reden, de belasting op deuren en vensters
Hugo_DeEllendigen	221	3	11	fm	pl	arme gezinnen , oude vrouwen , kleine kinderen, die
Hugo_DeEllendigen	221	24	28	fm	pl	koortsen en andere ziekten
Hugo_DeEllendigen	223	2	4	fm	pl	den menschen, ze
Hugo_DeEllendigen	223	4	5	n	sg	lucht, hun
Hugo_DeEllendigen	223	7	9	n	sg	de wet, de wet
Hugo_DeEllendigen	225	1	4	n	sg	het departement Isère
Hugo_DeEllendigen	225	6	9	n	sg	dat van Var
Hugo_DeEllendigen	225	11	13	n	pl	de Alpendepartementen
Hugo_DeEllendigen	225	15	17	fm	pl	de boeren, zij, hun, zij, Zij, zij
Hugo_DeEllendigen	225	21	23	n	sg	den mest
Hugo_DeEllendigen	225	26	28	n	sg	hun rug
Hugo_DeEllendigen	225	36	40	n	pl	houtspaanders of eindjes touw, die
Hugo_DeEllendigen	226	4	6	n	sg	geheel Opper-Dauphiné
Hugo_DeEllendigen	227	2	3	n	sg	brood, dat brood, het, het
Hugo_DeEllendigen	227	9	11	n	sg	den oven
Hugo_DeEllendigen	227	12	14	n	sg	gedroogden koedrek
Hugo_DeEllendigen	228	7	9	n	sg	de bijl, de bijl
Hugo_DeEllendigen	228	17	18	n	sg	water
Hugo_DeEllendigen	230	2	3	fm	sg	men
Hugo_DeEllendigen	231	1	2	n	sg	Provence
Hugo_DeEllendigen	231	7	12	n	pl	de tongvallen van het zuiden, die
Hugo_DeEllendigen	231	10	12	n	sg	het zuiden
Hugo_DeEllendigen	231	16	18	fm	pl	de bewoners
Hugo_DeEllendigen	232	4	6	fm	sg	de bevolking
Hugo_DeEllendigen	232	16	18	n	pl	aller harten, aller harten
Hugo_DeEllendigen	233	3	5	n	sg	de stulp
Hugo_DeEllendigen	233	7	9	n	sg	het gebergte, het gebergte
Hugo_DeEllendigen	234	2	9	n	pl	de verhevenste zaken in de eenvoudigste volkstaal
Hugo_DeEllendigen	234	6	9	n	sg	de eenvoudigste volkstaal
Hugo_DeEllendigen	236	5	7	n	sg	den aanzienlijke
Hugo_DeEllendigen	236	8	10	n	sg	den geringe
Hugo_DeEllendigen	237	6	8	n	pl	de omstandigheden
Hugo_DeEllendigen	238	7	9	n	sg	de misslag
Hugo_DeEllendigen	239	20	23	n	sg	een harde strengheid
Hugo_DeEllendigen	239	37	39	n	sg	een leer, die
Hugo_DeEllendigen	239	41	42	fm	sg	men
Hugo_DeEllendigen	239	44	47	n	pl	de volgende woorden
Hugo_DeEllendigen	240	1	3	m	sg	De mensch, zijn, Hij, Hij, hij
Hugo_DeEllendigen	240	4	6	n	sg	zijn vleesch, vleesch
Hugo_DeEllendigen	240	9	11	n	sg	een last
Hugo_DeEllendigen	240	13	15	n	sg	een verzoeking
Hugo_DeEllendigen	242	14	17	n	sg	den uitersten nood
Hugo_DeEllendigen	243	1	3	n	sg	deze gehoorzaamheid
Hugo_DeEllendigen	243	9	12	n	sg	zulk een zonde, der wet
Hugo_DeEllendigen	244	2	4	n	sg	een val, een val, die
Hugo_DeEllendigen	244	9	11	n	pl	de knieën
Hugo_DeEllendigen	244	14	16	n	sg	het gebed
Hugo_DeEllendigen	245	3	5	n	sg	een uitzondering
Hugo_DeEllendigen	245	5	7	fm	sg	een heilige
Hugo_DeEllendigen	245	13	15	n	sg	een regel
Hugo_DeEllendigen	247	3	6	n	sg	de menschelijke wet, de menschelijke wet
Hugo_DeEllendigen	248	6	11	n	sg	de droom van den engel
Hugo_DeEllendigen	248	9	11	fm	sg	den engel
Hugo_DeEllendigen	249	0	3	n	sg	Al het aardsche
Hugo_DeEllendigen	249	5	7	n	sg	de zonde, De zonde, een wet der zwaartekracht
Hugo_DeEllendigen	250	5	7	n	sg	der zwaartekracht
Hugo_DeEllendigen	251	18	21	n	sg	een groote misdaad, die
Hugo_DeEllendigen	252	3	6	n	sg	de ontstelde huichelarij, zich, zich
Hugo_DeEllendigen	253	4	6	f	pl	de vrouwen
Hugo_DeEllendigen	253	12	16	n	sg	de last der maatschappij
Hugo_DeEllendigen	253	14	16	n	sg	der maatschappij
Hugo_DeEllendigen	254	1	5	n	pl	De zonden der vrouwen, de zonden der echtgenooten
Hugo_DeEllendigen	254	6	8	fm	pl	der kinderen
Hugo_DeEllendigen	254	9	11	fm	pl	der dienstboden
Hugo_DeEllendigen	254	12	14	fm	pl	der zwakken
Hugo_DeEllendigen	254	15	17	fm	pl	der armen
Hugo_DeEllendigen	254	18	20	fm	pl	der onwetenden, de onwetenden, de onwetenden
Hugo_DeEllendigen	254	23	25	fm	pl	der echtgenooten
Hugo_DeEllendigen	254	26	28	fm	pl	der vaders
Hugo_DeEllendigen	254	29	31	fm	pl	der meesters
Hugo_DeEllendigen	254	32	34	n	pl	der overheden
Hugo_DeEllendigen	254	35	37	fm	pl	der rijken
Hugo_DeEllendigen	254	38	40	fm	pl	der geleerden
Hugo_DeEllendigen	255	8	9	fm	sg	ge
Hugo_DeEllendigen	255	11	13	n	sg	de maatschappij, zich, zij, harer
Hugo_DeEllendigen	255	22	24	n	sg	de duisternis
Hugo_DeEllendigen	255	30	32	n	sg	harer verantwoording
Hugo_DeEllendigen	256	1	4	n	sg	een donkere ziel
Hugo_DeEllendigen	256	5	7	n	sg	de zonde
Hugo_DeEllendigen	257	1	2	m	sg	hij, die
Hugo_DeEllendigen	257	3	5	n	sg	de zonde
Hugo_DeEllendigen	257	8	11	fm	sg	de eigenlijke schuldige
Hugo_DeEllendigen	257	13	14	m	sg	hij, die
Hugo_DeEllendigen	257	15	17	n	sg	de duisternis
Hugo_DeEllendigen	258	0	1	fm	sg	Men
Hugo_DeEllendigen	258	15	17	n	pl	de zaken, ze
Hugo_DeEllendigen	259	7	9	n	sg	het evangelie
Hugo_DeEllendigen	260	6	8	n	sg	een gezelschap
Hugo_DeEllendigen	260	8	14	n	sg	het verhaal van een crimineel proces, dit alles, het verhaal
Hugo_DeEllendigen	260	11	14	n	sg	een crimineel proces, dat
Hugo_DeEllendigen	261	0	3	m	sg	Een arm man, hem, de man, haar minnaar, hem, haar minnaar, de man, haar minnaar, De man, zijn, die man
Hugo_DeEllendigen	261	19	21	f	sg	een vrouw, zij, De vrouw, haar, haar, Zij, haar, haar, Zij, haar, Zij, haar, haar, haar, de ongelukkige, zij, haar, zij, zij, haar, die vrouw
Hugo_DeEllendigen	261	22	24	fm	sg	het kind, dat
Hugo_DeEllendigen	262	0	3	n	pl	De valsche munters
Hugo_DeEllendigen	263	9	13	n	sg	het eerste valsche muntstuk, dat
Hugo_DeEllendigen	264	0	1	fm	sg	Men, men, Men, Men
Hugo_DeEllendigen	265	9	11	n	sg	haar bekentenis
Hugo_DeEllendigen	269	2	6	m	sg	de procureur des konings, Hij, hij, den rechtspersoon, hij, mijnheer de procureur des konings
Hugo_DeEllendigen	269	4	6	m	sg	des konings, des konings
Hugo_DeEllendigen	269	7	10	n	sg	een gelukkig denkbeeld
Hugo_DeEllendigen	270	15	19	n	pl	haar behendig voorgelegde brieven
Hugo_DeEllendigen	270	24	26	n	sg	de overtuiging
Hugo_DeEllendigen	270	28	30	f	sg	een mededingster
Hugo_DeEllendigen	271	5	6	n	sg	jaloezie, de jaloezie
Hugo_DeEllendigen	272	10	12	fm	sg	zijn medeplichtige
Hugo_DeEllendigen	273	2	4	n	sg	dit feit
Hugo_DeEllendigen	273	7	12	n	sg	de behendigheid van den rechtspersoon
Hugo_DeEllendigen	274	9	11	n	sg	de waarheid
Hugo_DeEllendigen	274	12	14	n	sg	den toorn
Hugo_DeEllendigen	274	20	22	n	sg	de gerechtigheid
Hugo_DeEllendigen	274	23	24	n	sg	wraakzucht
Hugo_DeEllendigen	278	2	6	n	sg	het Hof van Assises
Hugo_DeEllendigen	280	4	7	n	sg	een treurige gebeurtenis
Hugo_DeEllendigen	281	0	2	m	sg	"Een man, 't, een ongelukkige, die, hij, den veroordeelde, den armen zondaar, zijn, den "" koorddanser "", hem, zijn, hem, hem, hem, den veroordeelde, de veroordeelde, zijn, hem, hem, hem, hem, De man, hem, hij, Hij, Zijn, hij, hem, den ongelukkige, hem, hem, den geboeiden veroordeelde, hem, hem, De arme zondaar, die, Hij, zijn, hij, hem"
Hugo_DeEllendigen	282	20	22	n	pl	de kermissen
Hugo_DeEllendigen	282	23	24	fm	sg	goochelaar
Hugo_DeEllendigen	282	26	28	fm	sg	openbaar schrijver
Hugo_DeEllendigen	283	0	2	n	sg	Het proces
Hugo_DeEllendigen	284	3	8	n	sg	de terechtstelling van den veroordeelde, de terechtstelling
Hugo_DeEllendigen	284	10	14	fm	sg	de aalmoezenier der gevangenis
Hugo_DeEllendigen	284	12	14	n	sg	der gevangenis, de gevangenis
Hugo_DeEllendigen	285	0	2	fm	sg	Een geestelijke
Hugo_DeEllendigen	285	7	10	n	pl	zijn laatste oogenblikken
Hugo_DeEllendigen	286	0	1	fm	sg	Men
Hugo_DeEllendigen	286	3	5	m	sg	den pastoor, deze, mij, ik, ik, mijn, De heer pastoor, zijn
Hugo_DeEllendigen	287	18	20	n	sg	dit werk
Hugo_DeEllendigen	287	21	23	fm	sg	dezen koorddanser
Hugo_DeEllendigen	287	36	38	n	sg	mijn ambt, zijn ambt
Hugo_DeEllendigen	288	1	2	fm	sg	Men
Hugo_DeEllendigen	288	5	7	n	sg	dit antwoord
Hugo_DeEllendigen	289	11	18	n	sg	"de cel van den "" koorddanser """
Hugo_DeEllendigen	289	23	25	n	sg	zijn naam
Hugo_DeEllendigen	289	28	30	n	sg	de hand
Hugo_DeEllendigen	290	26	28	n	sg	zijn eigene
Hugo_DeEllendigen	291	3	6	n	pl	de gezegendste waarheden
Hugo_DeEllendigen	291	9	11	n	sg	de eenvoudigste
Hugo_DeEllendigen	294	17	19	n	sg	welks rand
Hugo_DeEllendigen	296	0	2	n	sg	Zijn veroordeeling, een geweldige schok
Hugo_DeEllendigen	296	15	17	n	sg	het hulsel, dat
Hugo_DeEllendigen	296	20	21	fm	pl	ons, wij
Hugo_DeEllendigen	296	22	26	n	sg	de verborgenheid der dingen
Hugo_DeEllendigen	296	24	26	n	pl	der dingen
Hugo_DeEllendigen	297	4	7	n	pl	deze noodlottige scheuren
Hugo_DeEllendigen	298	4	6	n	sg	een licht
Hugo_DeEllendigen	299	5	6	fm	sg	men
Hugo_DeEllendigen	300	7	10	n	sg	zijn violetkleurigen mantel
Hugo_DeEllendigen	300	12	15	n	sg	zijn bisschoppelijk kruis
Hugo_DeEllendigen	300	25	29	n	sg	de oogen des volks
Hugo_DeEllendigen	300	27	29	n	sg	des volks
Hugo_DeEllendigen	301	4	6	n	sg	de kar
Hugo_DeEllendigen	301	11	13	n	sg	het schavot, het schavot, het schavot, het, Het schavot, een visioen, Het schavot, Het, deze stellage, het schavot, zijn, Het schavot, de medeplichtige van den beul, het, het, Het schavot, het, zich zelven
Hugo_DeEllendigen	302	17	20	n	sg	een kalm voorkomen
Hugo_DeEllendigen	303	4	6	n	sg	zijn ziel
Hugo_DeEllendigen	303	6	7	n	sg	verzoening
Hugo_DeEllendigen	304	16	17	m	sg	Hem, dien, hem, dien, u
Hugo_DeEllendigen	304	19	21	fm	sg	de mensch
Hugo_DeEllendigen	304	32	34	fm	pl	de broeders
Hugo_DeEllendigen	304	37	39	m	sg	de vader, De vader
Hugo_DeEllendigen	305	5	7	n	sg	het leven
Hugo_DeEllendigen	307	13	15	fm	sg	het volk, Men, Het volk, dat
Hugo_DeEllendigen	308	8	10	n	sg	zijn bleekheid
Hugo_DeEllendigen	308	12	14	n	sg	zijn kalmte, De als door dwang tevoorschijn geroepen kalmte voor het sombere oogenblik
Hugo_DeEllendigen	309	25	28	n	sg	een hoogplechtigen dienst
Hugo_DeEllendigen	310	1	4	n	pl	de verhevenste zaken
Hugo_DeEllendigen	310	12	13	fm	pl	personen, die
Hugo_DeEllendigen	310	18	23	n	sg	dit gedrag van den bisschop
Hugo_DeEllendigen	311	5	7	n	pl	hoogere kringen
Hugo_DeEllendigen	312	4	6	n	pl	edele handelingen
Hugo_DeEllendigen	313	0	4	n	sg	Het gezicht der guillotine
Hugo_DeEllendigen	313	2	4	n	sg	der guillotine, De guillotine, de verlichamelijking der wet, zij, zich, zij, haar, de valbijl
Hugo_DeEllendigen	313	8	10	n	sg	een schok, waarvan
Hugo_DeEllendigen	314	8	9	fm	sg	u
Hugo_DeEllendigen	315	0	1	fm	sg	Men, zich, men, men, men
Hugo_DeEllendigen	315	4	6	n	sg	der doodstraf
Hugo_DeEllendigen	315	34	36	n	sg	de schok
Hugo_DeEllendigen	316	0	1	fm	pl	Eenigen
Hugo_DeEllendigen	316	4	6	n	sg	de Maistre
Hugo_DeEllendigen	316	11	12	m	sg	Beccaria
Hugo_DeEllendigen	318	0	1	n	sg	Die
Hugo_DeEllendigen	318	5	8	n	sg	een geheimzinnige huivering
Hugo_DeEllendigen	319	0	3	n	pl	Alle maatschappelijke kwestiën, haar
Hugo_DeEllendigen	319	7	9	n	sg	haar vraagteekens
Hugo_DeEllendigen	322	5	6	n	sg	wezen, dat
Hugo_DeEllendigen	322	8	10	n	pl	sombere gedachten
Hugo_DeEllendigen	323	7	9	n	sg	deze machine
Hugo_DeEllendigen	323	11	13	n	sg	dit werktuig
Hugo_DeEllendigen	323	15	17	n	sg	dit hout
Hugo_DeEllendigen	323	18	20	n	sg	dit ijzer
Hugo_DeEllendigen	323	21	23	n	sg	dit touw
Hugo_DeEllendigen	323	23	25	n	sg	een wil
Hugo_DeEllendigen	324	1	4	n	pl	de afgrijselijke gedachten
Hugo_DeEllendigen	324	6	11	n	sg	't gezicht van het schavot
Hugo_DeEllendigen	324	15	17	n	sg	het vreeselijk
Hugo_DeEllendigen	324	21	23	n	sg	zijn werk
Hugo_DeEllendigen	325	6	8	fm	sg	den beul
Hugo_DeEllendigen	325	17	18	n	sg	bloed
Hugo_DeEllendigen	326	6	7	n	sg	gedrocht
Hugo_DeEllendigen	326	8	10	fm	sg	den rechter
Hugo_DeEllendigen	326	11	13	m	sg	den timmerman
Hugo_DeEllendigen	326	15	17	n	sg	een spook, dat
Hugo_DeEllendigen	327	3	5	n	sg	de indruk
Hugo_DeEllendigen	328	3	4	n	sg	dwang
Hugo_DeEllendigen	328	8	11	n	sg	het sombere oogenblik
Hugo_DeEllendigen	328	14	19	n	sg	het spook der maatschappelijke gerechtigheid
Hugo_DeEllendigen	328	16	19	n	sg	der maatschappelijke gerechtigheid
Hugo_DeEllendigen	329	4	7	n	sg	een vroolijke zelfvoldoening
Hugo_DeEllendigen	329	8	10	n	pl	zijn werkzaamheden
Hugo_DeEllendigen	329	16	17	n	sg	iets
Hugo_DeEllendigen	330	9	11	n	pl	sombere alleenspraken
Hugo_DeEllendigen	332	4	5	fm	sg	zich, men
Hugo_DeEllendigen	332	6	9	n	sg	de goddelijke wet
Hugo_DeEllendigen	334	4	6	fm	pl	de menschen
Hugo_DeEllendigen	335	2	4	n	pl	deze indrukken
Hugo_DeEllendigen	336	2	3	fm	sg	men, Men
Hugo_DeEllendigen	336	12	14	n	sg	de gerechtsplaats
Hugo_DeEllendigen	337	11	13	fm	pl	der zieken
Hugo_DeEllendigen	337	9	15	n	sg	de sponde der zieken en stervenden
Hugo_DeEllendigen	337	14	15	fm	pl	stervenden
Hugo_DeEllendigen	338	7	10	n	sg	zijn duurste plicht, zijn
Hugo_DeEllendigen	338	11	14	n	sg	zijn gewichtigste arbeid
Hugo_DeEllendigen	339	0	1	fm	pl	Gezinnen, die
Hugo_DeEllendigen	339	3	6	fm	pl	ouders of kinderen
Hugo_DeEllendigen	340	5	7	m	sg	den man, die, den man der wereld
Hugo_DeEllendigen	340	9	12	f	sg	zijn geliefde vrouw
Hugo_DeEllendigen	340	16	18	f	sg	de moeder, die, haar
Hugo_DeEllendigen	340	19	21	fm	sg	haar kind
Hugo_DeEllendigen	341	12	14	n	sg	het oogenblik, dat
Hugo_DeEllendigen	343	3	5	n	sg	de smart, ze, de smart, die
Hugo_DeEllendigen	343	6	7	n	sg	vergetelheid
Hugo_DeEllendigen	343	13	15	n	sg	de hoop
Hugo_DeEllendigen	344	10	11	fm	sg	gij, ge, uw
Hugo_DeEllendigen	344	11	13	n	pl	de dooden
Hugo_DeEllendigen	346	8	15	n	sg	den levenden schijn van uw geliefden overledene
Hugo_DeEllendigen	346	12	15	fm	sg	uw geliefden overledene
Hugo_DeEllendigen	347	0	2	m	sg	Den wanhopige, hem
Hugo_DeEllendigen	347	17	20	fm	sg	den onderworpen mensch
Hugo_DeEllendigen	347	28	30	n	sg	een graf
Hugo_DeEllendigen	347	35	37	n	sg	een smart, die
Hugo_DeEllendigen	347	39	41	n	sg	een ster
Hugo_DeEllendigen	349	5	7	n	pl	ZIJN PRIESTERROKKEN
Hugo_DeEllendigen	350	1	4	n	sg	het huiselijk leven
Hugo_DeEllendigen	350	5	7	n	pl	Myriels gevoelens
Hugo_DeEllendigen	350	10	13	n	sg	zijn openbaar leven
Hugo_DeEllendigen	351	0	3	n	sg	De vrijwillige armoede
Hugo_DeEllendigen	351	13	14	fm	sg	ieder, die
Hugo_DeEllendigen	351	23	28	n	sg	een ernstig en bekoorlijk schouwspel
Hugo_DeEllendigen	352	1	4	fm	pl	alle oude lieden
Hugo_DeEllendigen	352	5	8	fm	pl	de meeste denkers
Hugo_DeEllendigen	353	0	3	n	sg	Zijn korte slaap
Hugo_DeEllendigen	354	9	11	n	pl	zijn overdenkingen, zijn gedachten
Hugo_DeEllendigen	354	22	24	n	sg	de kerk
Hugo_DeEllendigen	355	5	7	n	sg	zijn ontbijt, het ontbijt
Hugo_DeEllendigen	355	10	11	n	sg	roggebrood
Hugo_DeEllendigen	355	12	13	n	sg	melk
Hugo_DeEllendigen	357	5	6	n	pl	werkzaamheden
Hugo_DeEllendigen	357	11	16	fm	sg	den secretaris van het bisdom
Hugo_DeEllendigen	357	21	23	n	pl	zijn groot-vicarissen
Hugo_DeEllendigen	358	3	5	n	pl	de congegratiën
Hugo_DeEllendigen	358	5	7	n	sg	het toezicht
Hugo_DeEllendigen	358	9	10	n	pl	privilegiën
Hugo_DeEllendigen	358	17	18	n	pl	getijboeken
Hugo_DeEllendigen	358	19	20	n	pl	catechismussen
Hugo_DeEllendigen	358	21	22	n	pl	gebedenboeken
Hugo_DeEllendigen	358	27	28	n	pl	mandementen
Hugo_DeEllendigen	358	30	31	n	pl	predikatiën
Hugo_DeEllendigen	358	33	34	fm	pl	pastoors
Hugo_DeEllendigen	358	35	36	n	sg	maires
Hugo_DeEllendigen	358	38	40	n	sg	een kerkelijke
Hugo_DeEllendigen	358	41	44	n	sg	een administratieve correspondentie
Hugo_DeEllendigen	358	48	50	n	sg	den staat
Hugo_DeEllendigen	358	53	56	fm	sg	den H. Stoel
Hugo_DeEllendigen	358	59	61	n	pl	duizend zaken, deze duizend zaken, zaken
Hugo_DeEllendigen	359	9	11	n	pl	zijn kerkdiensten
Hugo_DeEllendigen	359	12	14	n	sg	zijn brevier
Hugo_DeEllendigen	359	20	22	n	pl	de noodlijdenden
Hugo_DeEllendigen	359	23	25	n	pl	de kranken
Hugo_DeEllendigen	359	20	28	n	pl	de noodlijdenden , de kranken en de bedrukten, deze
Hugo_DeEllendigen	359	26	28	fm	pl	de bedrukten
Hugo_DeEllendigen	359	40	42	n	sg	den arbeid
Hugo_DeEllendigen	360	5	7	n	sg	zijn tuin
Hugo_DeEllendigen	361	3	8	n	pl	deze beide soorten van werk
Hugo_DeEllendigen	361	9	11	n	sg	één naam
Hugo_DeEllendigen	362	1	3	fm	sg	De geest, een tuin
Hugo_DeEllendigen	363	16	18	n	sg	het veld
Hugo_DeEllendigen	363	27	29	n	pl	de hutten
Hugo_DeEllendigen	364	0	1	fm	sg	Men, men, men
Hugo_DeEllendigen	364	12	14	n	pl	neêrgeslagen oogen
Hugo_DeEllendigen	364	17	20	n	sg	zijn langen wandelstok
Hugo_DeEllendigen	364	22	24	n	pl	zijn violetkleurigen
Hugo_DeEllendigen	364	25	29	n	sg	gewatteerden en warmen rok
Hugo_DeEllendigen	364	30	32	n	pl	violetkleurige kousen
Hugo_DeEllendigen	364	33	35	n	pl	zware schoenen
Hugo_DeEllendigen	364	37	41	n	sg	een platten driekanten hoed
Hugo_DeEllendigen	364	43	48	n	pl	gouden kwasten aan de punten
Hugo_DeEllendigen	364	46	48	n	pl	de punten
Hugo_DeEllendigen	364	50	52	n	sg	het hoofd
Hugo_DeEllendigen	365	12	14	n	sg	zijn komst
Hugo_DeEllendigen	366	0	1	fm	pl	Kinderen
Hugo_DeEllendigen	366	2	4	fm	pl	oude lieden
Hugo_DeEllendigen	367	2	3	n	sg	zegen
Hugo_DeEllendigen	368	1	2	n	sg	elk, die
Hugo_DeEllendigen	369	9	10	fm	pl	knaapjes
Hugo_DeEllendigen	369	11	13	fm	pl	jonge meisjes
Hugo_DeEllendigen	369	18	20	fm	pl	de moeders
Hugo_DeEllendigen	370	6	7	n	sg	geld, het
Hugo_DeEllendigen	371	2	4	n	pl	zijn priesterrokken
Hugo_DeEllendigen	371	13	14	fm	sg	men
Hugo_DeEllendigen	371	23	26	n	sg	zijn violetkleurig kleed
Hugo_DeEllendigen	372	4	6	n	sg	den zomer
Hugo_DeEllendigen	373	5	7	n	sg	zijn middagmaal, dat
Hugo_DeEllendigen	374	8	10	n	sg	het avondeten, deze maaltijd, het avondeten
Hugo_DeEllendigen	377	4	7	fm	sg	een zijner pastoors
Hugo_DeEllendigen	377	8	10	n	sg	zijn tafel, zijn tafel, een tafel, de tafel, de tafel
Hugo_DeEllendigen	377	21	26	n	sg	keurige visch uit de meren
Hugo_DeEllendigen	377	24	26	n	pl	de meren
Hugo_DeEllendigen	377	27	32	n	sg	fijn wild uit het gebergte
Hugo_DeEllendigen	378	0	2	m	sg	Ieder pastoor
Hugo_DeEllendigen	378	5	10	n	sg	voorwendsel voor een goeden maaltijd
Hugo_DeEllendigen	379	8	10	n	pl	gekookte groenten
Hugo_DeEllendigen	379	11	14	n	sg	soep met olie
Hugo_DeEllendigen	380	0	1	fm	sg	Men
Hugo_DeEllendigen	380	15	17	m	sg	een pastoor
Hugo_DeEllendigen	380	21	23	m	sg	een trappist
Hugo_DeEllendigen	381	18	20	n	sg	zijn kamer
Hugo_DeEllendigen	381	31	33	n	pl	losse bladen
Hugo_DeEllendigen	381	37	42	n	sg	den kant van een foliant
Hugo_DeEllendigen	381	40	42	n	sg	een foliant
Hugo_DeEllendigen	383	2	7	n	pl	vijf of zes merkwaardige manuscripten
Hugo_DeEllendigen	383	11	18	n	sg	een verhandeling over het vers van Genesis
Hugo_DeEllendigen	383	14	18	n	sg	het vers van Genesis, dit vers
Hugo_DeEllendigen	383	17	18	n	sg	Genesis
Hugo_DeEllendigen	383	26	28	n	pl	de wateren, de wateren
Hugo_DeEllendigen	384	6	8	n	pl	drie teksten
Hugo_DeEllendigen	384	9	11	n	sg	het arabisch, dat
Hugo_DeEllendigen	384	16	19	n	pl	de winden Gods
Hugo_DeEllendigen	384	22	24	m	sg	Flavius Josephus, die
Hugo_DeEllendigen	384	29	33	n	sg	Een wind van boven, Een wind, die
Hugo_DeEllendigen	384	41	46	n	sg	de Chaldeeuwsche overzetting van Onkelos, die
Hugo_DeEllendigen	384	45	46	n	sg	Onkelos
Hugo_DeEllendigen	385	1	4	n	sg	een andere verhandeling
Hugo_DeEllendigen	385	6	11	n	pl	de godgeleerde werken van Hugo
Hugo_DeEllendigen	385	10	11	m	sg	Hugo, bisschop van Ptolomaïs, achter-oudoom van den schrijver van dit boek, dezen bisschop
Hugo_DeEllendigen	385	14	15	n	sg	Ptolomaïs
Hugo_DeEllendigen	385	21	23	n	sg	dit boek
Hugo_DeEllendigen	385	29	33	n	pl	de verschillende kleine werkjes, die
Hugo_DeEllendigen	385	43	47	n	sg	het pseudonym van Barleycourt
Hugo_DeEllendigen	385	46	47	n	sg	Barleycourt
Hugo_DeEllendigen	386	4	6	n	sg	zijner lectuur, het boek
Hugo_DeEllendigen	386	17	19	n	sg	diepe overpeinzing
Hugo_DeEllendigen	386	22	24	n	pl	eenige regels, Deze regels, ze
Hugo_DeEllendigen	386	25	31	n	sg	het blad zelf van het boek
Hugo_DeEllendigen	387	8	10	n	sg	het boek, dat
Hugo_DeEllendigen	388	5	10	n	sg	een door hem geschreven kantteekening, Deze kantteekening
Hugo_DeEllendigen	388	12	14	n	sg	een boek
Hugo_DeEllendigen	388	21	23	n	sg	lord Germain
Hugo_DeEllendigen	388	24	27	n	sg	les généraux Clinton
Hugo_DeEllendigen	388	28	29	n	sg	Cornwallis
Hugo_DeEllendigen	388	30	37	n	sg	les amiraux de la station de l'Amérique
Hugo_DeEllendigen	388	36	37	n	sg	l'Amérique
Hugo_DeEllendigen	390	2	3	fm	sg	gij, die, gij, u, u, uw
Hugo_DeEllendigen	391	2	5	fm	sg	den prediker Salomo, Salomo
Hugo_DeEllendigen	391	7	9	n	sg	de Almachtige
Hugo_DeEllendigen	391	11	15	n	sg	het boek der Makkabeeën
Hugo_DeEllendigen	391	15	16	m	sg	Schepper
Hugo_DeEllendigen	391	18	23	n	sg	den brief aan de Ephezers
Hugo_DeEllendigen	391	21	23	n	sg	de Ephezers
Hugo_DeEllendigen	391	23	24	n	sg	Vrijheid
Hugo_DeEllendigen	391	26	27	n	sg	Baruch
Hugo_DeEllendigen	391	27	28	n	sg	Onmetelijke
Hugo_DeEllendigen	391	30	32	n	pl	de psalmen
Hugo_DeEllendigen	391	32	33	n	sg	Wijsheid
Hugo_DeEllendigen	391	34	35	n	sg	Waarheid
Hugo_DeEllendigen	391	37	41	n	sg	het evangelie van Johannes
Hugo_DeEllendigen	391	40	41	m	sg	Johannes
Hugo_DeEllendigen	391	41	42	n	sg	Licht
Hugo_DeEllendigen	391	46	48	fm	pl	der koningen
Hugo_DeEllendigen	391	48	49	m	sg	Heer
Hugo_DeEllendigen	391	51	56	n	sg	het tweede boek van Mozes
Hugo_DeEllendigen	391	55	56	m	sg	Mozes
Hugo_DeEllendigen	391	56	57	n	sg	Voorzienigheid
Hugo_DeEllendigen	391	59	61	n	sg	het derde
Hugo_DeEllendigen	391	61	62	n	sg	Heiligheid
Hugo_DeEllendigen	391	64	65	n	sg	Esdra
Hugo_DeEllendigen	391	65	66	n	sg	Gerechtigheid
Hugo_DeEllendigen	391	67	69	n	sg	de schepping
Hugo_DeEllendigen	391	81	82	n	sg	Erbarmer, dit, de schoonste van al uw namen
Hugo_DeEllendigen	392	14	20	n	pl	haar kamers op de eerste verdieping
Hugo_DeEllendigen	392	17	20	n	sg	de eerste verdieping, de eerste verdieping, de eerste verdieping, de eerste verdieping
Hugo_DeEllendigen	393	5	15	n	sg	een nauwkeurige voorstelling der woning van den bisschop van Digne
Hugo_DeEllendigen	396	15	17	n	pl	twee verdiepingen
Hugo_DeEllendigen	396	21	23	n	pl	drie benedenvertrekken
Hugo_DeEllendigen	396	24	30	n	pl	drie kamers op de tweede verdieping
Hugo_DeEllendigen	396	27	30	n	sg	de tweede verdieping
Hugo_DeEllendigen	396	33	35	n	sg	een zolder
Hugo_DeEllendigen	400	6	8	n	sg	de straat
Hugo_DeEllendigen	400	15	17	n	sg	het tweede, slaapkamer, de slaapkamer, deze, zijn slaapkamer, de slaapkamer van den bisschop
Hugo_DeEllendigen	400	20	22	n	sg	het derde, bidkamer, deze laatste, de bidkamer, de bidkamer van Monseigneur, de bidkamer, het bidvertrek, de bidkamer
Hugo_DeEllendigen	401	0	1	fm	sg	Men
Hugo_DeEllendigen	402	4	7	n	sg	een afgesloten alkoof, waarin, de afgesloten alkoof
Hugo_DeEllendigen	402	9	11	n	sg	een bed, dit bed, het bed, het bed, het bed, het bed
Hugo_DeEllendigen	402	15	16	fm	pl	logeergasten
Hugo_DeEllendigen	403	5	7	fm	pl	den dorpspastoors, die, hunne
Hugo_DeEllendigen	403	13	14	n	pl	aangelegenheden
Hugo_DeEllendigen	403	14	16	n	sg	hunne parochie
Hugo_DeEllendigen	404	0	5	n	sg	De apotheek van het hospitaal, een in den tuin aan het huis toegevoegd gebouw, den stal
Hugo_DeEllendigen	404	11	13	n	sg	het huis
Hugo_DeEllendigen	404	18	21	n	pl	keuken en spijskamer
Hugo_DeEllendigen	405	2	3	n	sg	zich, een stal, die, waarin
Hugo_DeEllendigen	405	11	16	n	sg	de keuken van het hospitaal
Hugo_DeEllendigen	405	22	24	n	pl	twee koeien, zij
Hugo_DeEllendigen	406	11	15	n	sg	de helft er van
Hugo_DeEllendigen	406	16	21	fm	pl	de zieken in het hospitaal
Hugo_DeEllendigen	407	3	5	n	pl	mijn tienden
Hugo_DeEllendigen	408	0	4	n	sg	Zijn tamelijk ruime kamer
Hugo_DeEllendigen	409	1	5	n	sg	het hout te Digne
Hugo_DeEllendigen	409	12	14	n	sg	den koestal
Hugo_DeEllendigen	409	14	19	n	sg	"een klein vertrek van planken, dit, "" wintersalon . "", dat wintersalon"
Hugo_DeEllendigen	409	27	29	n	sg	strenge koude
Hugo_DeEllendigen	411	14	20	n	sg	een vierkante , wit houten tafel
Hugo_DeEllendigen	411	21	24	n	pl	vier matten stoelen
Hugo_DeEllendigen	412	0	2	n	sg	De eetkamer, der eetkamer, die
Hugo_DeEllendigen	412	6	11	n	sg	een oud rose geverfd buffet
Hugo_DeEllendigen	413	0	3	n	sg	Een dergelijk buffet
Hugo_DeEllendigen	413	6	8	n	pl	witte doeken
Hugo_DeEllendigen	413	9	11	n	sg	onechte kant
Hugo_DeEllendigen	413	16	20	n	sg	altaar in zijn bidkamer
Hugo_DeEllendigen	413	18	20	n	sg	zijn bidkamer, zijn bidkamer
Hugo_DeEllendigen	414	0	3	fm	pl	Zijn rijke biechtdochters
Hugo_DeEllendigen	414	0	9	fm	pl	Zijn rijke biechtdochters en andere vrome vrouwen van Digne, elkander
Hugo_DeEllendigen	414	13	15	n	sg	het geld, het geld
Hugo_DeEllendigen	414	17	22	n	sg	een fraai , nieuw altaar
Hugo_DeEllendigen	415	1	4	n	sg	Het fraaiste altaar
Hugo_DeEllendigen	415	12	18	n	sg	de ziel van een getroosten ongelukkige
Hugo_DeEllendigen	415	15	18	n	sg	een getroosten ongelukkige, die
Hugo_DeEllendigen	416	5	10	n	pl	twee bidstoelen met matten zittingen
Hugo_DeEllendigen	416	14	17	n	sg	een dergelijken armstoel
Hugo_DeEllendigen	417	4	8	n	pl	zeven of acht personen
Hugo_DeEllendigen	417	20	28	n	sg	den staf van het daarin garnizoen liggend regiment
Hugo_DeEllendigen	417	23	28	n	sg	het daarin garnizoen liggend regiment
Hugo_DeEllendigen	417	30	32	n	pl	eenige kweekelingen
Hugo_DeEllendigen	417	33	36	n	sg	het klein seminarie
Hugo_DeEllendigen	417	38	39	fm	sg	men, men
Hugo_DeEllendigen	417	40	45	n	pl	de stoelen van het wintersalon
Hugo_DeEllendigen	417	43	45	n	sg	het wintersalon
Hugo_DeEllendigen	417	49	54	n	pl	de bidstoelen met den armstoel
Hugo_DeEllendigen	417	52	54	n	sg	den armstoel
Hugo_DeEllendigen	417	67	69	fm	pl	de bezoekers, twaalf bezoekers
Hugo_DeEllendigen	417	69	71	n	pl	elf stoelen
Hugo_DeEllendigen	418	1	3	n	sg	elk bezoek
Hugo_DeEllendigen	418	6	11	n	pl	der vertrekken van zijn huisraad
Hugo_DeEllendigen	418	9	11	n	sg	zijn huisraad
Hugo_DeEllendigen	420	4	6	n	sg	de verlegenheid
Hugo_DeEllendigen	420	15	17	n	sg	den schoorsteen, den schoorsteen, de schoorsteen, den schoorsteen, den schoorsteen van den bisschop
Hugo_DeEllendigen	421	10	12	n	sg	een stoel, hij, hij, hij
Hugo_DeEllendigen	421	14	16	n	sg	de zitting
Hugo_DeEllendigen	421	23	25	n	pl	drie pooten
Hugo_DeEllendigen	421	35	37	n	sg	den muur
Hugo_DeEllendigen	422	5	7	n	sg	haar kamer
Hugo_DeEllendigen	422	7	13	n	sg	een zeer groote bergère van hout, die, deze bergère
Hugo_DeEllendigen	422	26	27	fm	sg	men
Hugo_DeEllendigen	422	31	37	n	sg	het venster op de eerste verdieping, het venster
Hugo_DeEllendigen	422	41	43	n	sg	de trap, die
Hugo_DeEllendigen	422	55	56	n	pl	zitplaatsen
Hugo_DeEllendigen	423	0	4	n	sg	Mejuffrouw Baptistines vurigste wensch
Hugo_DeEllendigen	424	0	2	n	sg	een salonmeubel
Hugo_DeEllendigen	424	15	17	n	sg	een canapé
Hugo_DeEllendigen	426	0	1	fm	sg	Wie, zijn
Hugo_DeEllendigen	426	2	4	n	pl	zijn idealen
Hugo_DeEllendigen	427	0	1	fm	sg	Men, zich, men, men
Hugo_DeEllendigen	428	1	4	n	sg	de glazen deur, de glazen deur
Hugo_DeEllendigen	428	15	21	n	sg	een ijzeren gasthuisbed met groene sergie-gordijnen
Hugo_DeEllendigen	428	19	21	n	pl	groene sergie-gordijnen
Hugo_DeEllendigen	428	23	25	n	sg	een gordijn
Hugo_DeEllendigen	428	33	35	n	pl	de toiletbenoodigdheden
Hugo_DeEllendigen	428	36	45	n	pl	de vroegere elegante gewoonten van den man der wereld
Hugo_DeEllendigen	428	48	50	n	pl	twee deuren
Hugo_DeEllendigen	428	52	54	n	sg	de eene
Hugo_DeEllendigen	428	65	71	n	sg	de andere , bij de bibliotheek
Hugo_DeEllendigen	429	3	9	n	pl	een groote glazen kast vol boeken
Hugo_DeEllendigen	429	8	9	n	pl	boeken
Hugo_DeEllendigen	429	14	20	n	sg	een houten als marmer geschilderden mantel
Hugo_DeEllendigen	429	26	32	n	pl	een paar haardijzers in den schoorsteen
Hugo_DeEllendigen	429	33	35	n	pl	twee vazen, die
Hugo_DeEllendigen	429	45	47	n	sg	bisschoppelijke weelde
Hugo_DeEllendigen	430	1	3	n	sg	den schoorsteenmantel
Hugo_DeEllendigen	430	4	10	n	sg	een koperen , vroeger verzilverd crucifix
Hugo_DeEllendigen	430	11	14	n	sg	kaal zwart fluweel
Hugo_DeEllendigen	430	15	19	n	sg	een vergulde houten lijst
Hugo_DeEllendigen	430	29	31	n	sg	een inktkoker, die
Hugo_DeEllendigen	430	38	40	n	pl	verstrooide papieren
Hugo_DeEllendigen	430	41	43	n	pl	dikke boekdeelen
Hugo_DeEllendigen	430	48	49	n	sg	zich, de armstoel met matten zitting
Hugo_DeEllendigen	430	58	63	n	sg	een bidstoel uit de bidkamer
Hugo_DeEllendigen	431	6	8	n	pl	twee portretten, de afbeeldingen, deze portretten, ze, ze
Hugo_DeEllendigen	431	9	11	n	pl	ovale lijsten
Hugo_DeEllendigen	432	0	5	n	pl	Gouden opschriften op het doek
Hugo_DeEllendigen	432	3	5	n	sg	het doek
Hugo_DeEllendigen	432	14	17	n	sg	het eene portret
Hugo_DeEllendigen	432	17	21	m	sg	den abt de Chaliot, bisschop van St. Claude
Hugo_DeEllendigen	432	24	26	n	sg	St. Claude
Hugo_DeEllendigen	432	27	29	n	sg	het andere
Hugo_DeEllendigen	432	29	32	m	sg	den abt Tourteau, vicaris-generaal van Agde, abt van Grand-Champs
Hugo_DeEllendigen	432	39	40	n	sg	Grand-Champs, Grand-Champs
Hugo_DeEllendigen	432	42	46	n	sg	de orde der Cistercienzers
Hugo_DeEllendigen	432	44	46	n	sg	der Cistercienzers
Hugo_DeEllendigen	433	3	8	n	sg	deze ziekenkamer van het hospitaal
Hugo_DeEllendigen	434	2	3	fm	pl	priesters
Hugo_DeEllendigen	434	4	6	n	pl	vermoedelijk donateurs
Hugo_DeEllendigen	434	7	9	n	pl	twee redenen
Hugo_DeEllendigen	435	4	7	fm	pl	deze twee personages, beiden
Hugo_DeEllendigen	435	14	16	m	sg	den koning
Hugo_DeEllendigen	435	17	19	n	sg	denzelfden dag
Hugo_DeEllendigen	435	25	27	n	sg	de een
Hugo_DeEllendigen	435	28	29	m	sg	bisschop
Hugo_DeEllendigen	435	30	32	n	sg	de ander
Hugo_DeEllendigen	435	33	34	fm	sg	vicaris-generaal
Hugo_DeEllendigen	436	4	6	n	sg	de schilderij, ze
Hugo_DeEllendigen	436	7	9	n	sg	den wand
Hugo_DeEllendigen	436	26	28	n	sg	bleeken inkt
Hugo_DeEllendigen	436	30	33	n	sg	een stukje papier, dat
Hugo_DeEllendigen	436	41	43	n	pl	vier ouwels
Hugo_DeEllendigen	437	4	11	n	sg	een ouderwetsch gordijn van grove wollen stof
Hugo_DeEllendigen	437	8	11	n	sg	grove wollen stof
Hugo_DeEllendigen	437	25	28	n	sg	een nieuw gordijn
Hugo_DeEllendigen	437	34	37	n	sg	een grooten naad, welke naad
Hugo_DeEllendigen	437	38	40	n	sg	het midden
Hugo_DeEllendigen	437	45	47	n	sg	een kruis
Hugo_DeEllendigen	438	4	6	n	sg	de opmerking
Hugo_DeEllendigen	439	20	21	n	pl	kazernen
Hugo_DeEllendigen	439	22	23	n	pl	hospitalen
Hugo_DeEllendigen	440	13	20	n	pl	schilderingen onder het met kalk bestreken papier, deze versiering
Hugo_DeEllendigen	440	15	20	n	sg	het met kalk bestreken papier
Hugo_DeEllendigen	440	21	26	n	sg	de kamer van mejuffrouw Baptistine, de kamer van den bisschop
Hugo_DeEllendigen	441	11	13	fm	sg	een burger
Hugo_DeEllendigen	442	4	6	n	pl	roode steenen, die
Hugo_DeEllendigen	442	18	19	n	pl	matten
Hugo_DeEllendigen	443	20	23	n	sg	de uiterste zindelijkheid, Dit, de eenige weelde, dit
Hugo_DeEllendigen	445	10	11	n	sg	hetgeen
Hugo_DeEllendigen	445	17	25	n	pl	zes zilveren lepels en vorken en een soeplepel, welke, dat zilverwerk, de zes zilveren vorken en lepels en den grooten soeplepel wegsloot
Hugo_DeEllendigen	445	32	34	n	sg	ware vreugde
Hugo_DeEllendigen	445	35	39	n	sg	het groote witte tafellaken
Hugo_DeEllendigen	446	30	31	n	sg	zilver
Hugo_DeEllendigen	447	5	9	n	pl	twee massief zilveren kandelaars, welke, Deze kandelaars, de twee kandelaars
Hugo_DeEllendigen	447	15	17	f	sg	een oud-tante
Hugo_DeEllendigen	448	3	5	n	pl	twee waskaarsen, de beide waskaarsen
Hugo_DeEllendigen	450	9	14	n	sg	het hoofdeneinde van zijn bed
Hugo_DeEllendigen	450	12	14	n	sg	zijn bed
Hugo_DeEllendigen	450	15	17	n	sg	een kastje
Hugo_DeEllendigen	451	0	2	n	sg	De sleutel
Hugo_DeEllendigen	451	6	8	n	sg	't slot, een slot
Hugo_DeEllendigen	452	5	8	n	pl	de vermelde bijgebouwen
Hugo_DeEllendigen	452	12	14	n	pl	vier paden, die, elkander, Deze paden
Hugo_DeEllendigen	452	17	19	n	sg	een put
Hugo_DeEllendigen	452	22	25	n	sg	een ander pad, hem
Hugo_DeEllendigen	452	33	34	n	sg	muur, die
Hugo_DeEllendigen	453	6	11	n	pl	vier met palm omzoomde bedden
Hugo_DeEllendigen	454	1	3	n	pl	drie ervan
Hugo_DeEllendigen	454	5	6	n	pl	groenten
Hugo_DeEllendigen	454	7	9	n	sg	het vierde, dit, een nutteloos bed
Hugo_DeEllendigen	454	14	15	n	pl	bloemen, bloemen, de bloemen
Hugo_DeEllendigen	454	21	23	n	pl	enkele vruchtboomen
Hugo_DeEllendigen	456	6	7	n	sg	salade
Hugo_DeEllendigen	456	29	31	n	sg	het schoone
Hugo_DeEllendigen	456	35	37	n	sg	het nuttige
Hugo_DeEllendigen	458	0	2	n	sg	Dit bed
Hugo_DeEllendigen	458	4	9	n	pl	drie of vier rijen bloemen
Hugo_DeEllendigen	458	18	20	n	pl	zijn boeken
Hugo_DeEllendigen	460	0	2	n	pl	Den insekten
Hugo_DeEllendigen	460	8	10	m	sg	een tuinman
Hugo_DeEllendigen	461	8	10	n	sg	botanische kennis
Hugo_DeEllendigen	461	15	16	n	pl	geslachten
Hugo_DeEllendigen	461	17	18	n	pl	klassen
Hugo_DeEllendigen	461	25	26	n	sg	Tournefort
Hugo_DeEllendigen	461	27	30	n	sg	de natuurlijke methode
Hugo_DeEllendigen	461	39	41	n	pl	de utriculi
Hugo_DeEllendigen	461	42	44	n	pl	de cotyledonen
Hugo_DeEllendigen	461	47	48	n	sg	Jussieu
Hugo_DeEllendigen	461	49	50	n	sg	Linnaeus
Hugo_DeEllendigen	462	2	4	n	pl	de planten
Hugo_DeEllendigen	463	2	4	fm	pl	de geleerden
Hugo_DeEllendigen	463	15	20	n	sg	de achting voor beiden ooit
Hugo_DeEllendigen	463	30	32	n	pl	zijn bloemperken
Hugo_DeEllendigen	463	35	37	n	sg	een groen
Hugo_DeEllendigen	463	38	40	n	sg	blikken gieter
Hugo_DeEllendigen	464	4	9	n	sg	één deur met een slot
Hugo_DeEllendigen	465	13	15	n	sg	het kerkplein
Hugo_DeEllendigen	465	19	20	n	pl	sloten
Hugo_DeEllendigen	465	21	22	n	pl	grendels
Hugo_DeEllendigen	465	23	25	n	sg	een gevangenisdeur
